"path","symbol","language","classification","upstream_repository","upstream_commit","upstream_path","first_local_commit","expression_hash","contributors","copyright_holder","license_basis","evidence","reviewer","review_date","status","notes"
"R/GEModel.R","GEModel$estimateMemory","R","new-independent","","","","7407b540db8c8a066d07b1abed2879cb9ca31e43","b96d5d36aedd07162fb6c774fc1dca6a","David Zenz; Maros Ivanic","David Zenz","provisional Apache-2.0 pending dependency compatibility audit","source-lines:123-149; first-local-commit:7407b540db8c8a066d07b1abed2879cb9ca31e43; Git history is audit evidence, not ownership proof","David Zenz","2026-08-25","reviewed-provisional","independent post-baseline work; provisional license is not package-license finalization"
"R/GEModel.R","GEModel$generateSolution","R","inherited-modified","https://github.com/mivanic/tabloToR","7e063c65a19713857ed13023f8b77dad45b15c90","R/GEModel.R","7407b540db8c8a066d07b1abed2879cb9ca31e43","08006d0fe5d69cf56a96002b32ad0705","David Zenz; Maros Ivanic; mivanicERS","none for upstream federal work; David Zenz for post-baseline modifications","public-domain-cc0 baseline plus provisional Apache-2.0 modifications pending dependency compatibility audit","source-lines:150-232; first-local-commit:7407b540db8c8a066d07b1abed2879cb9ca31e43; Git history is audit evidence, not ownership proof; expression compared with upstream commit 7e063c65a19713857ed13023f8b77dad45b15c90; docs/provenance/UPSTREAM-RESPONSE.md","David Zenz","2026-08-25","reviewed-mixed-provisional","upstream baseline cleared; post-baseline modifications remain under provisional original-code license review"
"R/GEModel.R","GEModel$loadData","R","inherited-modified","https://github.com/mivanic/tabloToR","7e063c65a19713857ed13023f8b77dad45b15c90","R/GEModel.R","7407b540db8c8a066d07b1abed2879cb9ca31e43","d7d619483648ae31f5222d111b99e623","David Zenz; Maros Ivanic; mivanicERS","none for upstream federal work; David Zenz for post-baseline modifications","public-domain-cc0 baseline plus provisional Apache-2.0 modifications pending dependency compatibility audit","source-lines:72-112; first-local-commit:7407b540db8c8a066d07b1abed2879cb9ca31e43; Git history is audit evidence, not ownership proof; expression compared with upstream commit 7e063c65a19713857ed13023f8b77dad45b15c90; docs/provenance/UPSTREAM-RESPONSE.md","David Zenz","2026-08-25","reviewed-mixed-provisional","upstream baseline cleared; post-baseline modifications remain under provisional original-code license review"
"R/GEModel.R","GEModel$loadTablo","R","inherited-modified","https://github.com/mivanic/tabloToR","7e063c65a19713857ed13023f8b77dad45b15c90","R/GEModel.R","7407b540db8c8a066d07b1abed2879cb9ca31e43","458cbd6f2ac8d5714e388ada00c2e0d1","David Zenz; Maros Ivanic; mivanicERS","none for upstream federal work; David Zenz for post-baseline modifications","public-domain-cc0 baseline plus provisional Apache-2.0 modifications pending dependency compatibility audit","source-lines:39-71; first-local-commit:7407b540db8c8a066d07b1abed2879cb9ca31e43; Git history is audit evidence, not ownership proof; expression compared with upstream commit 7e063c65a19713857ed13023f8b77dad45b15c90; docs/provenance/UPSTREAM-RESPONSE.md","David Zenz","2026-08-25","reviewed-mixed-provisional","upstream baseline cleared; post-baseline modifications remain under provisional original-code license review"
"R/GEModel.R","GEModel$setClosure","R","new-independent","","","","8c264155c39f7adffe8296cd3ee09c29dc9023c4","ae088b99c289f9715931ca9b4588466c","David Zenz","David Zenz","provisional Apache-2.0 pending dependency compatibility audit","source-lines:117-119; first-local-commit:8c264155c39f7adffe8296cd3ee09c29dc9023c4; Git history is audit evidence, not ownership proof","David Zenz","2026-08-25","reviewed-provisional","independent post-baseline work; provisional license is not package-license finalization"
"R/GEModel.R","GEModel$setMemoryBudget","R","new-independent","","","","8c264155c39f7adffe8296cd3ee09c29dc9023c4","296d8187acf444865d304f46a63072db","David Zenz","David Zenz","provisional Apache-2.0 pending dependency compatibility audit","source-lines:120-122; first-local-commit:8c264155c39f7adffe8296cd3ee09c29dc9023c4; Git history is audit evidence, not ownership proof","David Zenz","2026-08-25","reviewed-provisional","independent post-baseline work; provisional license is not package-license finalization"
"R/GEModel.R","GEModel$setShocks","R","inherited-modified","https://github.com/mivanic/tabloToR","7e063c65a19713857ed13023f8b77dad45b15c90","R/GEModel.R","7407b540db8c8a066d07b1abed2879cb9ca31e43","117fda9f55ddbbccb990c6167d2cffb5","David Zenz; Maros Ivanic","none for upstream federal work; David Zenz for post-baseline modifications","public-domain-cc0 baseline plus provisional Apache-2.0 modifications pending dependency compatibility audit","source-lines:113-116; first-local-commit:7407b540db8c8a066d07b1abed2879cb9ca31e43; Git history is audit evidence, not ownership proof; expression compared with upstream commit 7e063c65a19713857ed13023f8b77dad45b15c90; docs/provenance/UPSTREAM-RESPONSE.md","David Zenz","2026-08-25","reviewed-mixed-provisional","upstream baseline cleared; post-baseline modifications remain under provisional original-code license review"
"R/GEModel.R","GEModel$solveModel","R","inherited-modified","https://github.com/mivanic/tabloToR","7e063c65a19713857ed13023f8b77dad45b15c90","R/GEModel.R","7407b540db8c8a066d07b1abed2879cb9ca31e43","268bc4dc04823ff73726845b8ab088c9","David Zenz; Maros Ivanic; mivanicERS","none for upstream federal work; David Zenz for post-baseline modifications","public-domain-cc0 baseline plus provisional Apache-2.0 modifications pending dependency compatibility audit","source-lines:233-467; first-local-commit:7407b540db8c8a066d07b1abed2879cb9ca31e43; Git history is audit evidence, not ownership proof; expression compared with upstream commit 7e063c65a19713857ed13023f8b77dad45b15c90; docs/provenance/UPSTREAM-RESPONSE.md","David Zenz","2026-08-25","reviewed-mixed-provisional","upstream baseline cleared; post-baseline modifications remain under provisional original-code license review"
"R/RcppExports.R","@generated","R","generated","","","","7743f71802285d78f397d8f2f6d354563ef15a33","1dc893e2c3bcf0d9fe85742807b8636f","David Zenz","derived from reviewed generator sources","same rights basis as reviewed generator sources","Rcpp::compileAttributes generated wrapper; generators:inst/cpp/sparse-elimination.cpp::tabloToR_eliminate_blocks;inst/cpp/sparse-elimination.cpp::tabloToR_reconstruct_blocks;src/dense-schur.cpp::tabloToR_dense_lu_factor;src/dense-schur.cpp::tabloToR_dense_lu_release;src/dense-schur.cpp::tabloToR_dense_lu_solve;src/sparse-elimination.cpp::tabloToR_eliminate_blocks;src/sparse-elimination.cpp::tabloToR_reconstruct_blocks;src/sparse-lu.cpp::tabloToR_schur_cpp_capabilities;src/sparse-lu.cpp::tabloToR_sparse_lu_solve;src/sparse-lu.cpp::tabloToR_sparse_pattern_hash;src/sparse-schur-openmp.cpp::tabloToR_schur_accumulate_batch_parallel;src/sparse-schur.cpp::tabloToR_schur_accumulate_batch;src/sparse-schur.cpp::tabloToR_schur_accumulate_global; Git history is audit evidence, not ownership proof","David Zenz","2026-08-25","reviewed-generated","generated-from:inst/cpp/sparse-elimination.cpp::tabloToR_eliminate_blocks;inst/cpp/sparse-elimination.cpp::tabloToR_reconstruct_blocks;src/dense-schur.cpp::tabloToR_dense_lu_factor;src/dense-schur.cpp::tabloToR_dense_lu_release;src/dense-schur.cpp::tabloToR_dense_lu_solve;src/sparse-elimination.cpp::tabloToR_eliminate_blocks;src/sparse-elimination.cpp::tabloToR_reconstruct_blocks;src/sparse-lu.cpp::tabloToR_schur_cpp_capabilities;src/sparse-lu.cpp::tabloToR_sparse_lu_solve;src/sparse-lu.cpp::tabloToR_sparse_pattern_hash;src/sparse-schur-openmp.cpp::tabloToR_schur_accumulate_batch_parallel;src/sparse-schur.cpp::tabloToR_schur_accumulate_batch;src/sparse-schur.cpp::tabloToR_schur_accumulate_global"
"R/coefficientProcessing.R","generateCoefficients","R","inherited-identical","https://github.com/mivanic/tabloToR","7e063c65a19713857ed13023f8b77dad45b15c90","R/coefficientProcessing.R","7407b540db8c8a066d07b1abed2879cb9ca31e43","2a82e1f1031a388359c92040c917b465","Maros Ivanic","none (U.S. federal government work)","public-domain-cc0; docs/provenance/UPSTREAM-RESPONSE.md","source-lines:1-16; first-local-commit:7407b540db8c8a066d07b1abed2879cb9ca31e43; Git history is audit evidence, not ownership proof; expression compared with upstream commit 7e063c65a19713857ed13023f8b77dad45b15c90; docs/provenance/UPSTREAM-RESPONSE.md","David Zenz","2026-08-25","reviewed-cleared","upstream public-domain/CC0 scope accepted for audited baseline"
"R/equationLevelGenerator.R","generateEquationLevels","R","inherited-identical","https://github.com/mivanic/tabloToR","7e063c65a19713857ed13023f8b77dad45b15c90","R/equationLevelGenerator.R","173d911ef20eb0e05f5ecaadc20f6567d3a185d5","145f56caa38a791443bc2c25681b7199","Maros Ivanic","none (U.S. federal government work)","public-domain-cc0; docs/provenance/UPSTREAM-RESPONSE.md","source-lines:1-20; first-local-commit:173d911ef20eb0e05f5ecaadc20f6567d3a185d5; Git history is audit evidence, not ownership proof; expression compared with upstream commit 7e063c65a19713857ed13023f8b77dad45b15c90; docs/provenance/UPSTREAM-RESPONSE.md","David Zenz","2026-08-25","reviewed-cleared","upstream public-domain/CC0 scope accepted for audited baseline"
"R/equationMatrixProcessing.R","generateEquationCoefficientMatrix","R","inherited-identical","https://github.com/mivanic/tabloToR","7e063c65a19713857ed13023f8b77dad45b15c90","R/equationMatrixProcessing.R","04b872f6d72cc84752f49d7b1a6ab292138265ad","821c5bd964963391ee83be0df83b4afd","Maros Ivanic; mivanicERS","none (U.S. federal government work)","public-domain-cc0; docs/provenance/UPSTREAM-RESPONSE.md","source-lines:1-129; first-local-commit:04b872f6d72cc84752f49d7b1a6ab292138265ad; Git history is audit evidence, not ownership proof; expression compared with upstream commit 7e063c65a19713857ed13023f8b77dad45b15c90; docs/provenance/UPSTREAM-RESPONSE.md","David Zenz","2026-08-25","reviewed-cleared","upstream public-domain/CC0 scope accepted for audited baseline"
"R/equationProcessing.R","generateEquationCoefficients","R","inherited-identical","https://github.com/mivanic/tabloToR","7e063c65a19713857ed13023f8b77dad45b15c90","R/equationProcessing.R","04b872f6d72cc84752f49d7b1a6ab292138265ad","482fd51147364d363bb2205eeb2e7cc5","Maros Ivanic; mivanicERS","none (U.S. federal government work)","public-domain-cc0; docs/provenance/UPSTREAM-RESPONSE.md","source-lines:56-149; first-local-commit:04b872f6d72cc84752f49d7b1a6ab292138265ad; Git history is audit evidence, not ownership proof; expression compared with upstream commit 7e063c65a19713857ed13023f8b77dad45b15c90; docs/provenance/UPSTREAM-RESPONSE.md","David Zenz","2026-08-25","reviewed-cleared","upstream public-domain/CC0 scope accepted for audited baseline"
"R/equationProcessing.R","getVarCoef","R","inherited-identical","https://github.com/mivanic/tabloToR","7e063c65a19713857ed13023f8b77dad45b15c90","R/equationProcessing.R","04b872f6d72cc84752f49d7b1a6ab292138265ad","6f8cee802ba5a396482fcb2ef48fb59d","Maros Ivanic","none (U.S. federal government work)","public-domain-cc0; docs/provenance/UPSTREAM-RESPONSE.md","source-lines:1-38; first-local-commit:04b872f6d72cc84752f49d7b1a6ab292138265ad; Git history is audit evidence, not ownership proof; expression compared with upstream commit 7e063c65a19713857ed13023f8b77dad45b15c90; docs/provenance/UPSTREAM-RESPONSE.md","David Zenz","2026-08-25","reviewed-cleared","upstream public-domain/CC0 scope accepted for audited baseline"
"R/equationProcessing.R","unlistVarCoef","R","inherited-identical","https://github.com/mivanic/tabloToR","7e063c65a19713857ed13023f8b77dad45b15c90","R/equationProcessing.R","04b872f6d72cc84752f49d7b1a6ab292138265ad","fe03d5a688e6180ea6fa216d83f666a6","Maros Ivanic","none (U.S. federal government work)","public-domain-cc0; docs/provenance/UPSTREAM-RESPONSE.md","source-lines:41-54; first-local-commit:04b872f6d72cc84752f49d7b1a6ab292138265ad; Git history is audit evidence, not ownership proof; expression compared with upstream commit 7e063c65a19713857ed13023f8b77dad45b15c90; docs/provenance/UPSTREAM-RESPONSE.md","David Zenz","2026-08-25","reviewed-cleared","upstream public-domain/CC0 scope accepted for audited baseline"
"R/formulaProcessing.R","generateFormulas","R","inherited-identical","https://github.com/mivanic/tabloToR","7e063c65a19713857ed13023f8b77dad45b15c90","R/formulaProcessing.R","7407b540db8c8a066d07b1abed2879cb9ca31e43","fb0626b80582118ace003e1fc559a950","Maros Ivanic","none (U.S. federal government work)","public-domain-cc0; docs/provenance/UPSTREAM-RESPONSE.md","source-lines:32-47; first-local-commit:7407b540db8c8a066d07b1abed2879cb9ca31e43; Git history is audit evidence, not ownership proof; expression compared with upstream commit 7e063c65a19713857ed13023f8b77dad45b15c90; docs/provenance/UPSTREAM-RESPONSE.md","David Zenz","2026-08-25","reviewed-cleared","upstream public-domain/CC0 scope accepted for audited baseline"
"R/formulaProcessing.R","sumToMap","R","inherited-identical","https://github.com/mivanic/tabloToR","7e063c65a19713857ed13023f8b77dad45b15c90","R/formulaProcessing.R","7407b540db8c8a066d07b1abed2879cb9ca31e43","a24c34d41a223a14b1118408b8cd02bf","Maros Ivanic; mivanicERS","none (U.S. federal government work)","public-domain-cc0; docs/provenance/UPSTREAM-RESPONSE.md","source-lines:1-28; first-local-commit:7407b540db8c8a066d07b1abed2879cb9ca31e43; Git history is audit evidence, not ownership proof; expression compared with upstream commit 7e063c65a19713857ed13023f8b77dad45b15c90; docs/provenance/UPSTREAM-RESPONSE.md","David Zenz","2026-08-25","reviewed-cleared","upstream public-domain/CC0 scope accepted for audited baseline"
"R/helpers.R","isin","R","new-independent","","","","8c264155c39f7adffe8296cd3ee09c29dc9023c4","fdbb81976f5c44a6a8e3e8087fb487ad","David Zenz","David Zenz","provisional Apache-2.0 pending dependency compatibility audit","source-lines:3-3; first-local-commit:8c264155c39f7adffe8296cd3ee09c29dc9023c4; Git history is audit evidence, not ownership proof","David Zenz","2026-08-25","reviewed-provisional","independent post-baseline work; provisional license is not package-license finalization"
"R/helpers.R","toVector","R","inherited-identical","https://github.com/mivanic/tabloToR","7e063c65a19713857ed13023f8b77dad45b15c90","R/helpers.R","f66dcf46d182c6d4a5f8689552cb64fa9a0cfd46","6557ace37b99d8314b77e880dec4fd13","mivanicERS","none (U.S. federal government work)","public-domain-cc0; docs/provenance/UPSTREAM-RESPONSE.md","source-lines:10-40; first-local-commit:f66dcf46d182c6d4a5f8689552cb64fa9a0cfd46; Git history is audit evidence, not ownership proof; expression compared with upstream commit 7e063c65a19713857ed13023f8b77dad45b15c90; docs/provenance/UPSTREAM-RESPONSE.md","David Zenz","2026-08-25","reviewed-cleared","upstream public-domain/CC0 scope accepted for audited baseline"
"R/main.R","@file","R","inherited-identical","https://github.com/mivanic/tabloToR","7e063c65a19713857ed13023f8b77dad45b15c90","R/main.R","7407b540db8c8a066d07b1abed2879cb9ca31e43","84cc1ca1f10c6f819ac01916884cf0de","Maros Ivanic","none (U.S. federal government work)","public-domain-cc0; docs/provenance/UPSTREAM-RESPONSE.md","source-lines:1-21; first-local-commit:7407b540db8c8a066d07b1abed2879cb9ca31e43; Git history is audit evidence, not ownership proof; expression compared with upstream commit 7e063c65a19713857ed13023f8b77dad45b15c90; docs/provenance/UPSTREAM-RESPONSE.md","David Zenz","2026-08-25","reviewed-cleared","upstream public-domain/CC0 scope accepted for audited baseline"
"R/processCoefficientStatement.R","processCoefficientStatement","R","inherited-identical","https://github.com/mivanic/tabloToR","7e063c65a19713857ed13023f8b77dad45b15c90","R/processCoefficientStatement.R","f111ed9f246237671a879f203c537ed666a0f737","7de9961eb89a910c48f6c458e7e7c6bf","Maros Ivanic","none (U.S. federal government work)","public-domain-cc0; docs/provenance/UPSTREAM-RESPONSE.md","source-lines:1-41; first-local-commit:f111ed9f246237671a879f203c537ed666a0f737; Git history is audit evidence, not ownership proof; expression compared with upstream commit 7e063c65a19713857ed13023f8b77dad45b15c90; docs/provenance/UPSTREAM-RESPONSE.md","David Zenz","2026-08-25","reviewed-cleared","upstream public-domain/CC0 scope accepted for audited baseline"
"R/processEquationSetupStatement.R","processEquationSetupStatement","R","inherited-identical","https://github.com/mivanic/tabloToR","7e063c65a19713857ed13023f8b77dad45b15c90","R/processEquationSetupStatement.R","173d911ef20eb0e05f5ecaadc20f6567d3a185d5","0d31e41553dda8d5c75501a53a87288a","Maros Ivanic; mivanicERS","none (U.S. federal government work)","public-domain-cc0; docs/provenance/UPSTREAM-RESPONSE.md","source-lines:1-48; first-local-commit:173d911ef20eb0e05f5ecaadc20f6567d3a185d5; Git history is audit evidence, not ownership proof; expression compared with upstream commit 7e063c65a19713857ed13023f8b77dad45b15c90; docs/provenance/UPSTREAM-RESPONSE.md","David Zenz","2026-08-25","reviewed-cleared","upstream public-domain/CC0 scope accepted for audited baseline"
"R/processEquationStatement.R","processEquationStatement","R","inherited-modified","https://github.com/mivanic/tabloToR","7e063c65a19713857ed13023f8b77dad45b15c90","R/processEquationStatement.R","173d911ef20eb0e05f5ecaadc20f6567d3a185d5","9a1a41a35ff4a35e7710019506497c02","David Zenz; Maros Ivanic; mivanicERS","none for upstream federal work; David Zenz for post-baseline modifications","public-domain-cc0 baseline plus provisional Apache-2.0 modifications pending dependency compatibility audit","source-lines:1-58; first-local-commit:173d911ef20eb0e05f5ecaadc20f6567d3a185d5; Git history is audit evidence, not ownership proof; expression compared with upstream commit 7e063c65a19713857ed13023f8b77dad45b15c90; docs/provenance/UPSTREAM-RESPONSE.md","David Zenz","2026-08-25","reviewed-mixed-provisional","upstream baseline cleared; post-baseline modifications remain under provisional original-code license review"
"R/processFormulaStatement.R","processFormulaStatement","R","inherited-modified","https://github.com/mivanic/tabloToR","7e063c65a19713857ed13023f8b77dad45b15c90","R/processFormulaStatement.R","f111ed9f246237671a879f203c537ed666a0f737","2e6dbc7ca3cd29477e80929724f79167","David Zenz; Maros Ivanic; mivanicERS","none for upstream federal work; David Zenz for post-baseline modifications","public-domain-cc0 baseline plus provisional Apache-2.0 modifications pending dependency compatibility audit","source-lines:1-49; first-local-commit:f111ed9f246237671a879f203c537ed666a0f737; Git history is audit evidence, not ownership proof; expression compared with upstream commit 7e063c65a19713857ed13023f8b77dad45b15c90; docs/provenance/UPSTREAM-RESPONSE.md","David Zenz","2026-08-25","reviewed-mixed-provisional","upstream baseline cleared; post-baseline modifications remain under provisional original-code license review"
"R/processReadStatement.R","processReadStatement","R","inherited-modified","https://github.com/mivanic/tabloToR","7e063c65a19713857ed13023f8b77dad45b15c90","R/processReadStatement.R","f111ed9f246237671a879f203c537ed666a0f737","d58c6001aea494d3b7d7e389b839f02d","David Zenz; Maros Ivanic; mivanicERS","none for upstream federal work; David Zenz for post-baseline modifications","public-domain-cc0 baseline plus provisional Apache-2.0 modifications pending dependency compatibility audit","source-lines:1-16; first-local-commit:f111ed9f246237671a879f203c537ed666a0f737; Git history is audit evidence, not ownership proof; expression compared with upstream commit 7e063c65a19713857ed13023f8b77dad45b15c90; docs/provenance/UPSTREAM-RESPONSE.md","David Zenz","2026-08-25","reviewed-mixed-provisional","upstream baseline cleared; post-baseline modifications remain under provisional original-code license review"
"R/processSetStatement.R","processSetStatement","R","inherited-modified","https://github.com/mivanic/tabloToR","7e063c65a19713857ed13023f8b77dad45b15c90","R/processSetStatement.R","f111ed9f246237671a879f203c537ed666a0f737","e57cab8661c507aea439c4985db90c79","David Zenz; Maros Ivanic; mivanicERS","none for upstream federal work; David Zenz for post-baseline modifications","public-domain-cc0 baseline plus provisional Apache-2.0 modifications pending dependency compatibility audit","source-lines:1-92; first-local-commit:f111ed9f246237671a879f203c537ed666a0f737; Git history is audit evidence, not ownership proof; expression compared with upstream commit 7e063c65a19713857ed13023f8b77dad45b15c90; docs/provenance/UPSTREAM-RESPONSE.md","David Zenz","2026-08-25","reviewed-mixed-provisional","upstream baseline cleared; post-baseline modifications remain under provisional original-code license review"
"R/processTablo.R","processTablo","R","inherited-modified","https://github.com/mivanic/tabloToR","7e063c65a19713857ed13023f8b77dad45b15c90","R/processTablo.R","7407b540db8c8a066d07b1abed2879cb9ca31e43","b5ee92451dd58b111a498883cd19631d","David Zenz; Maros Ivanic; mivanicERS","none for upstream federal work; David Zenz for post-baseline modifications","public-domain-cc0 baseline plus provisional Apache-2.0 modifications pending dependency compatibility audit","source-lines:6-71; first-local-commit:7407b540db8c8a066d07b1abed2879cb9ca31e43; Git history is audit evidence, not ownership proof; expression compared with upstream commit 7e063c65a19713857ed13023f8b77dad45b15c90; docs/provenance/UPSTREAM-RESPONSE.md","David Zenz","2026-08-25","reviewed-mixed-provisional","upstream baseline cleared; post-baseline modifications remain under provisional original-code license review"
"R/processUpdateStatement.R","processUpdateStatement","R","inherited-modified","https://github.com/mivanic/tabloToR","7e063c65a19713857ed13023f8b77dad45b15c90","R/processUpdateStatement.R","173d911ef20eb0e05f5ecaadc20f6567d3a185d5","277071fc8f60f291399ebcfbcf7e9fd5","David Zenz; Maros Ivanic; mivanicERS","none for upstream federal work; David Zenz for post-baseline modifications","public-domain-cc0 baseline plus provisional Apache-2.0 modifications pending dependency compatibility audit","source-lines:1-71; first-local-commit:173d911ef20eb0e05f5ecaadc20f6567d3a185d5; Git history is audit evidence, not ownership proof; expression compared with upstream commit 7e063c65a19713857ed13023f8b77dad45b15c90; docs/provenance/UPSTREAM-RESPONSE.md","David Zenz","2026-08-25","reviewed-mixed-provisional","upstream baseline cleared; post-baseline modifications remain under provisional original-code license review"
"R/readProcessing.R","generateReads","R","inherited-identical","https://github.com/mivanic/tabloToR","7e063c65a19713857ed13023f8b77dad45b15c90","R/readProcessing.R","7407b540db8c8a066d07b1abed2879cb9ca31e43","1135a64e78072366ae93983718e26886","Maros Ivanic","none (U.S. federal government work)","public-domain-cc0; docs/provenance/UPSTREAM-RESPONSE.md","source-lines:1-16; first-local-commit:7407b540db8c8a066d07b1abed2879cb9ca31e43; Git history is audit evidence, not ownership proof; expression compared with upstream commit 7e063c65a19713857ed13023f8b77dad45b15c90; docs/provenance/UPSTREAM-RESPONSE.md","David Zenz","2026-08-25","reviewed-cleared","upstream public-domain/CC0 scope accepted for audited baseline"
"R/setProcessing.R","correctFormula","R","inherited-modified","https://github.com/mivanic/tabloToR","7e063c65a19713857ed13023f8b77dad45b15c90","R/setProcessing.R","7407b540db8c8a066d07b1abed2879cb9ca31e43","082aa1ef2928d56e28c53d99a5389abe","David Zenz; Maros Ivanic; mivanicERS","none for upstream federal work; David Zenz for post-baseline modifications","public-domain-cc0 baseline plus provisional Apache-2.0 modifications pending dependency compatibility audit","source-lines:6-24; first-local-commit:7407b540db8c8a066d07b1abed2879cb9ca31e43; Git history is audit evidence, not ownership proof; expression compared with upstream commit 7e063c65a19713857ed13023f8b77dad45b15c90; docs/provenance/UPSTREAM-RESPONSE.md","David Zenz","2026-08-25","reviewed-mixed-provisional","upstream baseline cleared; post-baseline modifications remain under provisional original-code license review"
"R/setProcessing.R","functionToData","R","inherited-modified","https://github.com/mivanic/tabloToR","7e063c65a19713857ed13023f8b77dad45b15c90","R/setProcessing.R","7407b540db8c8a066d07b1abed2879cb9ca31e43","11957d53198a1afedd27228d3ac01127","David Zenz; Maros Ivanic","none for upstream federal work; David Zenz for post-baseline modifications","public-domain-cc0 baseline plus provisional Apache-2.0 modifications pending dependency compatibility audit","source-lines:26-69; first-local-commit:7407b540db8c8a066d07b1abed2879cb9ca31e43; Git history is audit evidence, not ownership proof; expression compared with upstream commit 7e063c65a19713857ed13023f8b77dad45b15c90; docs/provenance/UPSTREAM-RESPONSE.md","David Zenz","2026-08-25","reviewed-mixed-provisional","upstream baseline cleared; post-baseline modifications remain under provisional original-code license review"
"R/setProcessing.R","generateSets","R","inherited-identical","https://github.com/mivanic/tabloToR","7e063c65a19713857ed13023f8b77dad45b15c90","R/setProcessing.R","7407b540db8c8a066d07b1abed2879cb9ca31e43","0a48ba97712e32f35402d88cbe5586bf","Maros Ivanic","none (U.S. federal government work)","public-domain-cc0; docs/provenance/UPSTREAM-RESPONSE.md","source-lines:84-100; first-local-commit:7407b540db8c8a066d07b1abed2879cb9ca31e43; Git history is audit evidence, not ownership proof; expression compared with upstream commit 7e063c65a19713857ed13023f8b77dad45b15c90; docs/provenance/UPSTREAM-RESPONSE.md","David Zenz","2026-08-25","reviewed-cleared","upstream public-domain/CC0 scope accepted for audited baseline"
"R/setProcessing.R","normalizeIfCalls","R","new-independent","","","","8c264155c39f7adffe8296cd3ee09c29dc9023c4","a567bf423181b599c9ec9232017b4513","David Zenz","David Zenz","provisional Apache-2.0 pending dependency compatibility audit","source-lines:70-81; first-local-commit:8c264155c39f7adffe8296cd3ee09c29dc9023c4; Git history is audit evidence, not ownership proof","David Zenz","2026-08-25","reviewed-provisional","independent post-baseline work; provisional license is not package-license finalization"
"R/setProcessing.R","removeFunctions","R","inherited-identical","https://github.com/mivanic/tabloToR","7e063c65a19713857ed13023f8b77dad45b15c90","R/setProcessing.R","7407b540db8c8a066d07b1abed2879cb9ca31e43","e7e9bfda2f67c71bf59735695a724815","Maros Ivanic; mivanicERS","none (U.S. federal government work)","public-domain-cc0; docs/provenance/UPSTREAM-RESPONSE.md","source-lines:1-5; first-local-commit:7407b540db8c8a066d07b1abed2879cb9ca31e43; Git history is audit evidence, not ownership proof; expression compared with upstream commit 7e063c65a19713857ed13023f8b77dad45b15c90; docs/provenance/UPSTREAM-RESPONSE.md","David Zenz","2026-08-25","reviewed-cleared","upstream public-domain/CC0 scope accepted for audited baseline"
"R/skeletonGenerator.R","generateSkeleton","R","inherited-identical","https://github.com/mivanic/tabloToR","7e063c65a19713857ed13023f8b77dad45b15c90","R/skeletonGenerator.R","f111ed9f246237671a879f203c537ed666a0f737","d618507e96d71e1f29bfdf95721adf39","Maros Ivanic","none (U.S. federal government work)","public-domain-cc0; docs/provenance/UPSTREAM-RESPONSE.md","source-lines:1-27; first-local-commit:f111ed9f246237671a879f203c537ed666a0f737; Git history is audit evidence, not ownership proof; expression compared with upstream commit 7e063c65a19713857ed13023f8b77dad45b15c90; docs/provenance/UPSTREAM-RESPONSE.md","David Zenz","2026-08-25","reviewed-cleared","upstream public-domain/CC0 scope accepted for audited baseline"
"R/sparseCompiler.R","normalizeTabloExpression","R","new-independent","","","","8c264155c39f7adffe8296cd3ee09c29dc9023c4","1f0182f5089377a96c8f19d43e042dd3","David Zenz","David Zenz","provisional Apache-2.0 pending dependency compatibility audit","source-lines:3-19; first-local-commit:8c264155c39f7adffe8296cd3ee09c29dc9023c4; Git history is audit evidence, not ownership proof","David Zenz","2026-08-25","reviewed-provisional","independent post-baseline work; provisional license is not package-license finalization"
"R/sparseCompiler.R","sparse_array_labels","R","new-independent","","","","8c264155c39f7adffe8296cd3ee09c29dc9023c4","a241b7f6aff85482335d8cf74959eab6","David Zenz","David Zenz","provisional Apache-2.0 pending dependency compatibility audit","source-lines:1028-1040; first-local-commit:8c264155c39f7adffe8296cd3ee09c29dc9023c4; Git history is audit evidence, not ownership proof","David Zenz","2026-08-25","reviewed-provisional","independent post-baseline work; provisional license is not package-license finalization"
"R/sparseCompiler.R","sparse_build_index","R","new-independent","","","","8c264155c39f7adffe8296cd3ee09c29dc9023c4","70ceb10cf6515ff23fac02a14d0107cf","David Zenz","David Zenz","provisional Apache-2.0 pending dependency compatibility audit","source-lines:514-619; first-local-commit:8c264155c39f7adffe8296cd3ee09c29dc9023c4; Git history is audit evidence, not ownership proof","David Zenz","2026-08-25","reviewed-provisional","independent post-baseline work; provisional license is not package-license finalization"
"R/sparseCompiler.R","sparse_build_row_layout","R","new-independent","","","","8c264155c39f7adffe8296cd3ee09c29dc9023c4","50dfca0cd50a23a6d677e01b77ee4acd","David Zenz","David Zenz","provisional Apache-2.0 pending dependency compatibility audit","source-lines:992-1026; first-local-commit:8c264155c39f7adffe8296cd3ee09c29dc9023c4; Git history is audit evidence, not ownership proof","David Zenz","2026-08-25","reviewed-provisional","independent post-baseline work; provisional license is not package-license finalization"
"R/sparseCompiler.R","sparse_compile_spec","R","new-independent","","","","8c264155c39f7adffe8296cd3ee09c29dc9023c4","74bef1d9afe074b82163331aa93eb442","David Zenz","David Zenz","provisional Apache-2.0 pending dependency compatibility audit","source-lines:305-484; first-local-commit:8c264155c39f7adffe8296cd3ee09c29dc9023c4; Git history is audit evidence, not ownership proof","David Zenz","2026-08-25","reviewed-provisional","independent post-baseline work; provisional license is not package-license finalization"
"R/sparseCompiler.R","sparse_estimate_index_bytes","R","new-independent","","","","8c264155c39f7adffe8296cd3ee09c29dc9023c4","acead9c34e334717cf4fe4a6482301d3","David Zenz","David Zenz","provisional Apache-2.0 pending dependency compatibility audit","source-lines:1075-1084; first-local-commit:8c264155c39f7adffe8296cd3ee09c29dc9023c4; Git history is audit evidence, not ownership proof","David Zenz","2026-08-25","reviewed-provisional","independent post-baseline work; provisional license is not package-license finalization"
"R/sparseCompiler.R","sparse_eval_expr","R","new-independent","","","","8c264155c39f7adffe8296cd3ee09c29dc9023c4","a1c1e73a640e6eb3678dd9dc4874086e","David Zenz","David Zenz","provisional Apache-2.0 pending dependency compatibility audit","source-lines:751-942; first-local-commit:8c264155c39f7adffe8296cd3ee09c29dc9023c4; Git history is audit evidence, not ownership proof","David Zenz","2026-08-25","reviewed-provisional","independent post-baseline work; provisional license is not package-license finalization"
"R/sparseCompiler.R","sparse_expr_data_names","R","new-independent","","","","8c264155c39f7adffe8296cd3ee09c29dc9023c4","6ef35eaee38de7497a48d6b407939259","David Zenz","David Zenz","provisional Apache-2.0 pending dependency compatibility audit","source-lines:79-101; first-local-commit:8c264155c39f7adffe8296cd3ee09c29dc9023c4; Git history is audit evidence, not ownership proof","David Zenz","2026-08-25","reviewed-provisional","independent post-baseline work; provisional license is not package-license finalization"
"R/sparseCompiler.R","sparse_expr_has_variable","R","new-independent","","","","8c264155c39f7adffe8296cd3ee09c29dc9023c4","96b97163b9a74f19b69574df8bb5b228","David Zenz","David Zenz","provisional Apache-2.0 pending dependency compatibility audit","source-lines:62-67; first-local-commit:8c264155c39f7adffe8296cd3ee09c29dc9023c4; Git history is audit evidence, not ownership proof","David Zenz","2026-08-25","reviewed-provisional","independent post-baseline work; provisional license is not package-license finalization"
"R/sparseCompiler.R","sparse_expr_set_names","R","new-independent","","","","8c264155c39f7adffe8296cd3ee09c29dc9023c4","5f5a74a9cfdd4432adb0ab409e4209a6","David Zenz","David Zenz","provisional Apache-2.0 pending dependency compatibility audit","source-lines:68-77; first-local-commit:8c264155c39f7adffe8296cd3ee09c29dc9023c4; Git history is audit evidence, not ownership proof","David Zenz","2026-08-25","reviewed-provisional","independent post-baseline work; provisional license is not package-license finalization"
"R/sparseCompiler.R","sparse_find_set_values","R","new-independent","","","","8c264155c39f7adffe8296cd3ee09c29dc9023c4","26b246dbda6345b1d356c7d5f1f0013b","David Zenz","David Zenz","provisional Apache-2.0 pending dependency compatibility audit","source-lines:486-512; first-local-commit:8c264155c39f7adffe8296cd3ee09c29dc9023c4; Git history is audit evidence, not ownership proof","David Zenz","2026-08-25","reviewed-provisional","independent post-baseline work; provisional license is not package-license finalization"
"R/sparseCompiler.R","sparse_for_each_domain","R","new-independent","","","","8c264155c39f7adffe8296cd3ee09c29dc9023c4","950bf048ada602b58821989d787fbe70","David Zenz","David Zenz","provisional Apache-2.0 pending dependency compatibility audit","source-lines:944-970; first-local-commit:8c264155c39f7adffe8296cd3ee09c29dc9023c4; Git history is audit evidence, not ownership proof","David Zenz","2026-08-25","reviewed-provisional","independent post-baseline work; provisional license is not package-license finalization"
"R/sparseCompiler.R","sparse_for_each_sum","R","new-independent","","","","8c264155c39f7adffe8296cd3ee09c29dc9023c4","db0d2450dadb77f1fb246ff9ae83b2f7","David Zenz","David Zenz","provisional Apache-2.0 pending dependency compatibility audit","source-lines:972-990; first-local-commit:8c264155c39f7adffe8296cd3ee09c29dc9023c4; Git history is audit evidence, not ownership proof","David Zenz","2026-08-25","reviewed-provisional","independent post-baseline work; provisional license is not package-license finalization"
"R/sparseCompiler.R","sparse_implicit_exogenous_zero","R","new-independent","","","","13e2fe9af125d0fb10d8ce71aadc857daa1685e8","e2992e609f16040661c308ef92a53f6e","David Zenz","David Zenz","provisional Apache-2.0 pending dependency compatibility audit","source-lines:740-749; first-local-commit:13e2fe9af125d0fb10d8ce71aadc857daa1685e8; Git history is audit evidence, not ownership proof","David Zenz","2026-08-25","reviewed-provisional","independent post-baseline work; provisional license is not package-license finalization"
"R/sparseCompiler.R","sparse_infer_simulation_equation_candidates","R","new-independent","","","","bb8eeb3476330f518b703007e2dbf77c428a2c21","e6e81a8a2bb829023562d9aa27fbd775","David Zenz","David Zenz","provisional Apache-2.0 pending dependency compatibility audit","source-lines:266-303; first-local-commit:bb8eeb3476330f518b703007e2dbf77c428a2c21; Git history is audit evidence, not ownership proof","David Zenz","2026-08-25","reviewed-provisional","independent post-baseline work; provisional license is not package-license finalization"
"R/sparseCompiler.R","sparse_invalidate_pattern","R","new-independent","","","","8c264155c39f7adffe8296cd3ee09c29dc9023c4","9dd89e8e0130e400ab905beb9ce9fa27","David Zenz","David Zenz","provisional Apache-2.0 pending dependency compatibility audit","source-lines:1096-1099; first-local-commit:8c264155c39f7adffe8296cd3ee09c29dc9023c4; Git history is audit evidence, not ownership proof","David Zenz","2026-08-25","reviewed-provisional","independent post-baseline work; provisional license is not package-license finalization"
"R/sparseCompiler.R","sparse_materialize_labels","R","new-independent","","","","8c264155c39f7adffe8296cd3ee09c29dc9023c4","e035aff1f9007c5b955c9829b36dd5a2","David Zenz","David Zenz","provisional Apache-2.0 pending dependency compatibility audit","source-lines:1042-1073; first-local-commit:8c264155c39f7adffe8296cd3ee09c29dc9023c4; Git history is audit evidence, not ownership proof","David Zenz","2026-08-25","reviewed-provisional","independent post-baseline work; provisional license is not package-license finalization"
"R/sparseCompiler.R","sparse_mul_expr","R","new-independent","","","","8c264155c39f7adffe8296cd3ee09c29dc9023c4","06f87d12d2ddb0908af26395561fa044","David Zenz","David Zenz","provisional Apache-2.0 pending dependency compatibility audit","source-lines:150-154; first-local-commit:8c264155c39f7adffe8296cd3ee09c29dc9023c4; Git history is audit evidence, not ownership proof","David Zenz","2026-08-25","reviewed-provisional","independent post-baseline work; provisional license is not package-license finalization"
"R/sparseCompiler.R","sparse_neg_expr","R","new-independent","","","","8c264155c39f7adffe8296cd3ee09c29dc9023c4","19492f6054602ade5f0827893fd141f3","David Zenz","David Zenz","provisional Apache-2.0 pending dependency compatibility audit","source-lines:156-156; first-local-commit:8c264155c39f7adffe8296cd3ee09c29dc9023c4; Git history is audit evidence, not ownership proof","David Zenz","2026-08-25","reviewed-provisional","independent post-baseline work; provisional license is not package-license finalization"
"R/sparseCompiler.R","sparse_order_domains","R","new-independent","","","","8c264155c39f7adffe8296cd3ee09c29dc9023c4","577160ba93aec889280d7b71d9078a2b","David Zenz","David Zenz","provisional Apache-2.0 pending dependency compatibility audit","source-lines:136-149; first-local-commit:8c264155c39f7adffe8296cd3ee09c29dc9023c4; Git history is audit evidence, not ownership proof","David Zenz","2026-08-25","reviewed-provisional","independent post-baseline work; provisional license is not package-license finalization"
"R/sparseCompiler.R","sparse_parse_label","R","new-independent","","","","8c264155c39f7adffe8296cd3ee09c29dc9023c4","08edf902d79a3a44322ffb6354dea93e","David Zenz","David Zenz","provisional Apache-2.0 pending dependency compatibility audit","source-lines:649-660; first-local-commit:8c264155c39f7adffe8296cd3ee09c29dc9023c4; Git history is audit evidence, not ownership proof","David Zenz","2026-08-25","reviewed-provisional","independent post-baseline work; provisional license is not package-license finalization"
"R/sparseCompiler.R","sparse_parse_qualifier","R","new-independent","","","","8c264155c39f7adffe8296cd3ee09c29dc9023c4","620836a51b500e3f73b0dcf5b0055d53","David Zenz","David Zenz","provisional Apache-2.0 pending dependency compatibility audit","source-lines:21-41; first-local-commit:8c264155c39f7adffe8296cd3ee09c29dc9023c4; Git history is audit evidence, not ownership proof","David Zenz","2026-08-25","reviewed-provisional","independent post-baseline work; provisional license is not package-license finalization"
"R/sparseCompiler.R","sparse_parse_ref","R","new-independent","","","","8c264155c39f7adffe8296cd3ee09c29dc9023c4","6c06c9fafe88931e3ca1e9c609dede4b","David Zenz","David Zenz","provisional Apache-2.0 pending dependency compatibility audit","source-lines:43-55; first-local-commit:8c264155c39f7adffe8296cd3ee09c29dc9023c4; Git history is audit evidence, not ownership proof","David Zenz","2026-08-25","reviewed-provisional","independent post-baseline work; provisional license is not package-license finalization"
"R/sparseCompiler.R","sparse_pattern_key","R","new-independent","","","","8c264155c39f7adffe8296cd3ee09c29dc9023c4","f4bab21f4cf07e8a2f4b5d97af890957","David Zenz","David Zenz","provisional Apache-2.0 pending dependency compatibility audit","source-lines:1086-1094; first-local-commit:8c264155c39f7adffe8296cd3ee09c29dc9023c4; Git history is audit evidence, not ownership proof","David Zenz","2026-08-25","reviewed-provisional","independent post-baseline work; provisional license is not package-license finalization"
"R/sparseCompiler.R","sparse_position_for_label","R","new-independent","","","","8c264155c39f7adffe8296cd3ee09c29dc9023c4","0ed563ff0450c0235f0f7cbdc8ccfa49","David Zenz","David Zenz","provisional Apache-2.0 pending dependency compatibility audit","source-lines:662-674; first-local-commit:8c264155c39f7adffe8296cd3ee09c29dc9023c4; Git history is audit evidence, not ownership proof","David Zenz","2026-08-25","reviewed-provisional","independent post-baseline work; provisional license is not package-license finalization"
"R/sparseCompiler.R","sparse_rebuild_columns","R","new-independent","","","","8c264155c39f7adffe8296cd3ee09c29dc9023c4","0c0365b7741f1e457a40f4c3276fb8ab","David Zenz","David Zenz","provisional Apache-2.0 pending dependency compatibility audit","source-lines:621-647; first-local-commit:8c264155c39f7adffe8296cd3ee09c29dc9023c4; Git history is audit evidence, not ownership proof","David Zenz","2026-08-25","reviewed-provisional","independent post-baseline work; provisional license is not package-license finalization"
"R/sparseCompiler.R","sparse_ref_global_position","R","new-independent","","","","8c264155c39f7adffe8296cd3ee09c29dc9023c4","3fcb9e1ada13b2e3855063ad2729d519","David Zenz","David Zenz","provisional Apache-2.0 pending dependency compatibility audit","source-lines:676-738; first-local-commit:8c264155c39f7adffe8296cd3ee09c29dc9023c4; Git history is audit evidence, not ownership proof","David Zenz","2026-08-25","reviewed-provisional","independent post-baseline work; provisional license is not package-license finalization"
"R/sparseCompiler.R","sparse_ref_is_variable","R","new-independent","","","","8c264155c39f7adffe8296cd3ee09c29dc9023c4","53a9bd78a492df08f871dc3a6c2ae7a1","David Zenz","David Zenz","provisional Apache-2.0 pending dependency compatibility audit","source-lines:57-60; first-local-commit:8c264155c39f7adffe8296cd3ee09c29dc9023c4; Git history is audit evidence, not ownership proof","David Zenz","2026-08-25","reviewed-provisional","independent post-baseline work; provisional license is not package-license finalization"
"R/sparseCompiler.R","sparse_required_formula_names","R","new-independent","","","","8c264155c39f7adffe8296cd3ee09c29dc9023c4","c432e7b238b7d238fabaece851835771","David Zenz","David Zenz","provisional Apache-2.0 pending dependency compatibility audit","source-lines:103-135; first-local-commit:8c264155c39f7adffe8296cd3ee09c29dc9023c4; Git history is audit evidence, not ownership proof","David Zenz","2026-08-25","reviewed-provisional","independent post-baseline work; provisional license is not package-license finalization"
"R/sparseCompiler.R","sparse_terms_from_expr","R","new-independent","","","","8c264155c39f7adffe8296cd3ee09c29dc9023c4","35af541d916a41498783c4d29002148e","David Zenz","David Zenz","provisional Apache-2.0 pending dependency compatibility audit","source-lines:158-264; first-local-commit:8c264155c39f7adffe8296cd3ee09c29dc9023c4; Git history is audit evidence, not ownership proof","David Zenz","2026-08-25","reviewed-provisional","independent post-baseline work; provisional license is not package-license finalization"
"R/sparseElimination.R","sparse_btf_solve","R","new-independent","","","","bb8eeb3476330f518b703007e2dbf77c428a2c21","898c8f485cb9cd07ee11971af92d80ed","David Zenz","David Zenz","provisional Apache-2.0 pending dependency compatibility audit","source-lines:248-334; first-local-commit:bb8eeb3476330f518b703007e2dbf77c428a2c21; Git history is audit evidence, not ownership proof","David Zenz","2026-08-25","reviewed-provisional","independent post-baseline work; provisional license is not package-license finalization"
"R/sparseElimination.R","sparse_compact_elimination_partition","R","new-independent","","","","b13693b3a6605de83262f521450748543830a63b","0d49d05273b0365350b5ee4a5d971ee4","David Zenz","David Zenz","provisional Apache-2.0 pending dependency compatibility audit","source-lines:150-184; first-local-commit:b13693b3a6605de83262f521450748543830a63b; Git history is audit evidence, not ownership proof","David Zenz","2026-08-25","reviewed-provisional","independent post-baseline work; provisional license is not package-license finalization"
"R/sparseElimination.R","sparse_elimination_family","R","new-independent","","","","bb8eeb3476330f518b703007e2dbf77c428a2c21","b32c690bb91bfe58e8a349dcd3c0dbce","David Zenz","David Zenz","provisional Apache-2.0 pending dependency compatibility audit","source-lines:92-148; first-local-commit:bb8eeb3476330f518b703007e2dbf77c428a2c21; Git history is audit evidence, not ownership proof","David Zenz","2026-08-25","reviewed-provisional","independent post-baseline work; provisional license is not package-license finalization"
"R/sparseElimination.R","sparse_elimination_sequence","R","new-independent","","","","bb8eeb3476330f518b703007e2dbf77c428a2c21","8625cf2340eeee1cf608ed9da3efc5ec","David Zenz","David Zenz","provisional Apache-2.0 pending dependency compatibility audit","source-lines:49-90; first-local-commit:bb8eeb3476330f518b703007e2dbf77c428a2c21; Git history is audit evidence, not ownership proof","David Zenz","2026-08-25","reviewed-provisional","independent post-baseline work; provisional license is not package-license finalization"
"R/sparseElimination.R","sparse_exact_structured_solve","R","new-independent","","","","bb8eeb3476330f518b703007e2dbf77c428a2c21","316fa847d5b88a06447c189a815eae45","David Zenz","David Zenz","provisional Apache-2.0 pending dependency compatibility audit","source-lines:336-522; first-local-commit:bb8eeb3476330f518b703007e2dbf77c428a2c21; Git history is audit evidence, not ownership proof","David Zenz","2026-08-25","reviewed-provisional","independent post-baseline work; provisional license is not package-license finalization"
"R/sparseElimination.R","sparse_gtap_elimination_partition","R","new-independent","","","","bb8eeb3476330f518b703007e2dbf77c428a2c21","33c3cacac5aa9b88b79aa87de535f154","David Zenz","David Zenz","provisional Apache-2.0 pending dependency compatibility audit","source-lines:186-246; first-local-commit:bb8eeb3476330f518b703007e2dbf77c428a2c21; Git history is audit evidence, not ownership proof","David Zenz","2026-08-25","reviewed-provisional","independent post-baseline work; provisional license is not package-license finalization"
"R/sparsePartition.R","sparse_block_binding_code","R","new-independent","","","","a96ac79e5a650b65ce08c8ff778d37091787f509","22c6a1b2ede722e79ee004749a9179b0","David Zenz","David Zenz","provisional Apache-2.0 pending dependency compatibility audit","source-lines:47-64; first-local-commit:a96ac79e5a650b65ce08c8ff778d37091787f509; Git history is audit evidence, not ownership proof","David Zenz","2026-08-25","reviewed-provisional","independent post-baseline work; provisional license is not package-license finalization"
"R/sparsePartition.R","sparse_block_value_sequence","R","new-independent","","","","a96ac79e5a650b65ce08c8ff778d37091787f509","af3b2eabd211e9ddc8b95f3a01f479dd","David Zenz","David Zenz","provisional Apache-2.0 pending dependency compatibility audit","source-lines:7-45; first-local-commit:a96ac79e5a650b65ce08c8ff778d37091787f509; Git history is audit evidence, not ownership proof","David Zenz","2026-08-25","reviewed-provisional","independent post-baseline work; provisional license is not package-license finalization"
"R/sparsePartition.R","sparse_equation_block_sequence","R","new-independent","","","","a96ac79e5a650b65ce08c8ff778d37091787f509","a744df2f292ae98e9a20fd064cadec2d","David Zenz","David Zenz","provisional Apache-2.0 pending dependency compatibility audit","source-lines:66-96; first-local-commit:a96ac79e5a650b65ce08c8ff778d37091787f509; Git history is audit evidence, not ownership proof","David Zenz","2026-08-25","reviewed-provisional","independent post-baseline work; provisional license is not package-license finalization"
"R/sparsePartition.R","sparse_structured_block_partition","R","new-independent","","","","a96ac79e5a650b65ce08c8ff778d37091787f509","ee3e2c4de9deedf4d0b2fab73ca11094","David Zenz","David Zenz","provisional Apache-2.0 pending dependency compatibility audit","source-lines:98-143; first-local-commit:a96ac79e5a650b65ce08c8ff778d37091787f509; Git history is audit evidence, not ownership proof","David Zenz","2026-08-25","reviewed-provisional","independent post-baseline work; provisional license is not package-license finalization"
"R/sparseSchur.R","sparse_schur_apply","R","new-independent","","","","a96ac79e5a650b65ce08c8ff778d37091787f509","34c70376a45c399f5c7cd853ac2d3e95","David Zenz","David Zenz","provisional Apache-2.0 pending dependency compatibility audit","source-lines:502-523; first-local-commit:a96ac79e5a650b65ce08c8ff778d37091787f509; Git history is audit evidence, not ownership proof","David Zenz","2026-08-25","reviewed-provisional","independent post-baseline work; provisional license is not package-license finalization"
"R/sparseSchur.R","sparse_schur_block_multiply","R","new-independent","","","","a96ac79e5a650b65ce08c8ff778d37091787f509","0914353ada8d7c2aa8af18aa096f6977","David Zenz","David Zenz","provisional Apache-2.0 pending dependency compatibility audit","source-lines:457-472; first-local-commit:a96ac79e5a650b65ce08c8ff778d37091787f509; Git history is audit evidence, not ownership proof","David Zenz","2026-08-25","reviewed-provisional","independent post-baseline work; provisional license is not package-license finalization"
"R/sparseSchur.R","sparse_schur_build","R","new-independent","","","","a96ac79e5a650b65ce08c8ff778d37091787f509","7b3ba3f3d1c884246299b2618db63051","David Zenz","David Zenz","provisional Apache-2.0 pending dependency compatibility audit","source-lines:243-411; first-local-commit:a96ac79e5a650b65ce08c8ff778d37091787f509; Git history is audit evidence, not ownership proof","David Zenz","2026-08-25","reviewed-provisional","independent post-baseline work; provisional license is not package-license finalization"
"R/sparseSchur.R","sparse_schur_dmperm_matching","R","new-independent","","","","a96ac79e5a650b65ce08c8ff778d37091787f509","35746b53b51e29f9d1912ce2613ae984","David Zenz","David Zenz","provisional Apache-2.0 pending dependency compatibility audit","source-lines:138-171; first-local-commit:a96ac79e5a650b65ce08c8ff778d37091787f509; Git history is audit evidence, not ownership proof","David Zenz","2026-08-25","reviewed-provisional","independent post-baseline work; provisional license is not package-license finalization"
"R/sparseSchur.R","sparse_schur_factor_block","R","new-independent","","","","a96ac79e5a650b65ce08c8ff778d37091787f509","4f38aebfef21faff299e5a95cbd0111e","David Zenz","David Zenz","provisional Apache-2.0 pending dependency compatibility audit","source-lines:187-241; first-local-commit:a96ac79e5a650b65ce08c8ff778d37091787f509; Git history is audit evidence, not ownership proof","David Zenz","2026-08-25","reviewed-provisional","independent post-baseline work; provisional license is not package-license finalization"
"R/sparseSchur.R","sparse_schur_fgmres","R","new-independent","","","","a96ac79e5a650b65ce08c8ff778d37091787f509","8704ed7ab65eba3630c8b47348fb61b7","David Zenz","David Zenz","provisional Apache-2.0 pending dependency compatibility audit","source-lines:529-727; first-local-commit:a96ac79e5a650b65ce08c8ff778d37091787f509; Git history is audit evidence, not ownership proof","David Zenz","2026-08-25","reviewed-provisional","independent post-baseline work; provisional license is not package-license finalization"
"R/sparseSchur.R","sparse_schur_greedy_matching","R","new-independent","","","","a96ac79e5a650b65ce08c8ff778d37091787f509","97ff7158722ebda161730f8837791e96","David Zenz","David Zenz","provisional Apache-2.0 pending dependency compatibility audit","source-lines:113-136; first-local-commit:a96ac79e5a650b65ce08c8ff778d37091787f509; Git history is audit evidence, not ownership proof","David Zenz","2026-08-25","reviewed-provisional","independent post-baseline work; provisional license is not package-license finalization"
"R/sparseSchur.R","sparse_schur_group_layout","R","new-independent","","","","a96ac79e5a650b65ce08c8ff778d37091787f509","c5a11a64e6730ff30d33a95ea3f720bb","David Zenz","David Zenz","provisional Apache-2.0 pending dependency compatibility audit","source-lines:52-73; first-local-commit:a96ac79e5a650b65ce08c8ff778d37091787f509; Git history is audit evidence, not ownership proof","David Zenz","2026-08-25","reviewed-provisional","independent post-baseline work; provisional license is not package-license finalization"
"R/sparseSchur.R","sparse_schur_interface_flags","R","new-independent","","","","a96ac79e5a650b65ce08c8ff778d37091787f509","1f0d62069edb74c3d39117910ba6edb5","David Zenz","David Zenz","provisional Apache-2.0 pending dependency compatibility audit","source-lines:75-111; first-local-commit:a96ac79e5a650b65ce08c8ff778d37091787f509; Git history is audit evidence, not ownership proof","David Zenz","2026-08-25","reviewed-provisional","independent post-baseline work; provisional license is not package-license finalization"
"R/sparseSchur.R","sparse_schur_local_matching","R","new-independent","","","","a96ac79e5a650b65ce08c8ff778d37091787f509","e7c5db2378dfc2681c59cbbb3d6a2a0f","David Zenz","David Zenz","provisional Apache-2.0 pending dependency compatibility audit","source-lines:173-185; first-local-commit:a96ac79e5a650b65ce08c8ff778d37091787f509; Git history is audit evidence, not ownership proof","David Zenz","2026-08-25","reviewed-provisional","independent post-baseline work; provisional license is not package-license finalization"
"R/sparseSchur.R","sparse_schur_local_solve","R","new-independent","","","","a96ac79e5a650b65ce08c8ff778d37091787f509","ccb8c4a11e6d104377bed881e17bd097","David Zenz","David Zenz","provisional Apache-2.0 pending dependency compatibility audit","source-lines:474-500; first-local-commit:a96ac79e5a650b65ce08c8ff778d37091787f509; Git history is audit evidence, not ownership proof","David Zenz","2026-08-25","reviewed-provisional","independent post-baseline work; provisional license is not package-license finalization"
"R/sparseSchur.R","sparse_schur_norm","R","new-independent","","","","a96ac79e5a650b65ce08c8ff778d37091787f509","0e923b1834f2869702f8c2341d80abee","David Zenz","David Zenz","provisional Apache-2.0 pending dependency compatibility audit","source-lines:525-527; first-local-commit:a96ac79e5a650b65ce08c8ff778d37091787f509; Git history is audit evidence, not ownership proof","David Zenz","2026-08-25","reviewed-provisional","independent post-baseline work; provisional license is not package-license finalization"
"R/sparseSchur.R","sparse_schur_require_matrix","R","new-independent","","","","a96ac79e5a650b65ce08c8ff778d37091787f509","23d546e3c290b3614c013e61c5c4be43","David Zenz","David Zenz","provisional Apache-2.0 pending dependency compatibility audit","source-lines:5-9; first-local-commit:a96ac79e5a650b65ce08c8ff778d37091787f509; Git history is audit evidence, not ownership proof","David Zenz","2026-08-25","reviewed-provisional","independent post-baseline work; provisional license is not package-license finalization"
"R/sparseSchur.R","sparse_schur_reuse_structure","R","new-independent","","","","a96ac79e5a650b65ce08c8ff778d37091787f509","8da7c258f8bad153fe034dc089002f17","David Zenz","David Zenz","provisional Apache-2.0 pending dependency compatibility audit","source-lines:413-455; first-local-commit:a96ac79e5a650b65ce08c8ff778d37091787f509; Git history is audit evidence, not ownership proof","David Zenz","2026-08-25","reviewed-provisional","independent post-baseline work; provisional license is not package-license finalization"
"R/sparseSchur.R","sparse_schur_solve","R","new-independent","","","","a96ac79e5a650b65ce08c8ff778d37091787f509","52f9906cb2ad181fe923ab5fa9856e13","David Zenz","David Zenz","provisional Apache-2.0 pending dependency compatibility audit","source-lines:731-821; first-local-commit:a96ac79e5a650b65ce08c8ff778d37091787f509; Git history is audit evidence, not ownership proof","David Zenz","2026-08-25","reviewed-provisional","independent post-baseline work; provisional license is not package-license finalization"
"R/sparseSchur.R","sparse_schur_validate_input","R","new-independent","","","","a96ac79e5a650b65ce08c8ff778d37091787f509","6bc4c878a5ede1adb9ce116815c01acf","David Zenz","David Zenz","provisional Apache-2.0 pending dependency compatibility audit","source-lines:11-50; first-local-commit:a96ac79e5a650b65ce08c8ff778d37091787f509; Git history is audit evidence, not ownership proof","David Zenz","2026-08-25","reviewed-provisional","independent post-baseline work; provisional license is not package-license finalization"
"R/sparseSchurComplement.R","sparse_dense_factor","R","new-independent","","","","a96ac79e5a650b65ce08c8ff778d37091787f509","60beadcfce8d1d01c555dcc4a1744ff5","David Zenz","David Zenz","provisional Apache-2.0 pending dependency compatibility audit","source-lines:127-156; first-local-commit:a96ac79e5a650b65ce08c8ff778d37091787f509; Git history is audit evidence, not ownership proof","David Zenz","2026-08-25","reviewed-provisional","independent post-baseline work; provisional license is not package-license finalization"
"R/sparseSchurComplement.R","sparse_exact_schur_apply","R","new-independent","","","","a96ac79e5a650b65ce08c8ff778d37091787f509","64abc2ca4fcfa429e13f9024f89f6630","David Zenz","David Zenz","provisional Apache-2.0 pending dependency compatibility audit","source-lines:538-560; first-local-commit:a96ac79e5a650b65ce08c8ff778d37091787f509; Git history is audit evidence, not ownership proof","David Zenz","2026-08-25","reviewed-provisional","independent post-baseline work; provisional license is not package-license finalization"
"R/sparseSchurComplement.R","sparse_exact_schur_apply_preconditioner","R","new-independent","","","","a96ac79e5a650b65ce08c8ff778d37091787f509","6df54ebd4c2d6452797464ae44c4e863","David Zenz","David Zenz","provisional Apache-2.0 pending dependency compatibility audit","source-lines:562-602; first-local-commit:a96ac79e5a650b65ce08c8ff778d37091787f509; Git history is audit evidence, not ownership proof","David Zenz","2026-08-25","reviewed-provisional","independent post-baseline work; provisional license is not package-license finalization"
"R/sparseSchurComplement.R","sparse_exact_schur_build","R","new-independent","","","","a96ac79e5a650b65ce08c8ff778d37091787f509","d28a8b2157fa88d6e02d130046e56c64","David Zenz","David Zenz","provisional Apache-2.0 pending dependency compatibility audit","source-lines:244-536; first-local-commit:a96ac79e5a650b65ce08c8ff778d37091787f509; Git history is audit evidence, not ownership proof","David Zenz","2026-08-25","reviewed-provisional","independent post-baseline work; provisional license is not package-license finalization"
"R/sparseSchurComplement.R","sparse_exact_schur_group_positions","R","new-independent","","","","a96ac79e5a650b65ce08c8ff778d37091787f509","217fa01a17b69fe57d73614d773b6bb0","David Zenz","David Zenz","provisional Apache-2.0 pending dependency compatibility audit","source-lines:177-179; first-local-commit:a96ac79e5a650b65ce08c8ff778d37091787f509; Git history is audit evidence, not ownership proof","David Zenz","2026-08-25","reviewed-provisional","independent post-baseline work; provisional license is not package-license finalization"
"R/sparseSchurComplement.R","sparse_exact_schur_reconstruct","R","new-independent","","","","a96ac79e5a650b65ce08c8ff778d37091787f509","53bcaa95c98840c8ef41b11e3ba584c1","David Zenz","David Zenz","provisional Apache-2.0 pending dependency compatibility audit","source-lines:604-627; first-local-commit:a96ac79e5a650b65ce08c8ff778d37091787f509; Git history is audit evidence, not ownership proof","David Zenz","2026-08-25","reviewed-provisional","independent post-baseline work; provisional license is not package-license finalization"
"R/sparseSchurComplement.R","sparse_exact_schur_reduce_rhs","R","new-independent","","","","a96ac79e5a650b65ce08c8ff778d37091787f509","6ae9062f7342ed292cc87cec877406e0","David Zenz","David Zenz","provisional Apache-2.0 pending dependency compatibility audit","source-lines:629-647; first-local-commit:a96ac79e5a650b65ce08c8ff778d37091787f509; Git history is audit evidence, not ownership proof","David Zenz","2026-08-25","reviewed-provisional","independent post-baseline work; provisional license is not package-license finalization"
"R/sparseSchurComplement.R","sparse_exact_schur_solve","R","new-independent","","","","a96ac79e5a650b65ce08c8ff778d37091787f509","b59155c5378a36b92e94fca560a17835","David Zenz","David Zenz","provisional Apache-2.0 pending dependency compatibility audit","source-lines:649-726; first-local-commit:a96ac79e5a650b65ce08c8ff778d37091787f509; Git history is audit evidence, not ownership proof","David Zenz","2026-08-25","reviewed-provisional","independent post-baseline work; provisional license is not package-license finalization"
"R/sparseSchurComplement.R","sparse_exact_schur_solve_factor","R","new-independent","","","","a96ac79e5a650b65ce08c8ff778d37091787f509","86da209bca34a2b689cc355aec84ce1d","David Zenz","David Zenz","provisional Apache-2.0 pending dependency compatibility audit","source-lines:158-175; first-local-commit:a96ac79e5a650b65ce08c8ff778d37091787f509; Git history is audit evidence, not ownership proof","David Zenz","2026-08-25","reviewed-provisional","independent post-baseline work; provisional license is not package-license finalization"
"R/sparseSchurComplement.R","sparse_exact_schur_validate_partition","R","new-independent","","","","a96ac79e5a650b65ce08c8ff778d37091787f509","48e2f59b56e304e185877c58d1634e13","David Zenz","David Zenz","provisional Apache-2.0 pending dependency compatibility audit","source-lines:181-242; first-local-commit:a96ac79e5a650b65ce08c8ff778d37091787f509; Git history is audit evidence, not ownership proof","David Zenz","2026-08-25","reviewed-provisional","independent post-baseline work; provisional license is not package-license finalization"
"R/sparseSchurComplement.R","sparse_external_block_partition","R","new-independent","","","","a96ac79e5a650b65ce08c8ff778d37091787f509","edef0ebe0b8bab5d60580ae3489a9a17","David Zenz","David Zenz","provisional Apache-2.0 pending dependency compatibility audit","source-lines:66-114; first-local-commit:a96ac79e5a650b65ce08c8ff778d37091787f509; Git history is audit evidence, not ownership proof","David Zenz","2026-08-25","reviewed-provisional","independent post-baseline work; provisional license is not package-license finalization"
"R/sparseSchurComplement.R","sparse_promote_cross_commodity_families","R","new-independent","","","","b1f41c804bf8aa9fefe56006ec5cdc987005eabb","8858083050a6aa365f00369f2ee59c74","David Zenz","David Zenz","provisional Apache-2.0 pending dependency compatibility audit","source-lines:3-64; first-local-commit:b1f41c804bf8aa9fefe56006ec5cdc987005eabb; Git history is audit evidence, not ownership proof","David Zenz","2026-08-25","reviewed-provisional","independent post-baseline work; provisional license is not package-license finalization"
"R/sparseSchurComplement.R","sparse_scale_dgCMatrix","R","new-independent","","","","a96ac79e5a650b65ce08c8ff778d37091787f509","84377ce44ef278dbd42828b2d70dffc0","David Zenz","David Zenz","provisional Apache-2.0 pending dependency compatibility audit","source-lines:116-125; first-local-commit:a96ac79e5a650b65ce08c8ff778d37091787f509; Git history is audit evidence, not ownership proof","David Zenz","2026-08-25","reviewed-provisional","independent post-baseline work; provisional license is not package-license finalization"
"R/sparseSolver.R","legacy_shocks_from_explicit","R","new-independent","","","","8c264155c39f7adffe8296cd3ee09c29dc9023c4","b99fcb4206ed0e14895a4efe26956017","David Zenz","David Zenz","provisional Apache-2.0 pending dependency compatibility audit","source-lines:90-118; first-local-commit:8c264155c39f7adffe8296cd3ee09c29dc9023c4; Git history is audit evidence, not ownership proof","David Zenz","2026-08-25","reviewed-provisional","independent post-baseline work; provisional license is not package-license finalization"
"R/sparseSolver.R","solve_sparse_system","R","new-independent","","","","8c264155c39f7adffe8296cd3ee09c29dc9023c4","892a81b32dc9ce956982f27036ea30fe","David Zenz","David Zenz","provisional Apache-2.0 pending dependency compatibility audit","source-lines:1219-1293; first-local-commit:8c264155c39f7adffe8296cd3ee09c29dc9023c4; Git history is audit evidence, not ownership proof","David Zenz","2026-08-25","reviewed-provisional","independent post-baseline work; provisional license is not package-license finalization"
"R/sparseSolver.R","sparse_add_solution","R","new-independent","","","","8c264155c39f7adffe8296cd3ee09c29dc9023c4","1b13bc861474cb813aefc39003e432b4","David Zenz","David Zenz","provisional Apache-2.0 pending dependency compatibility audit","source-lines:1614-1624; first-local-commit:8c264155c39f7adffe8296cd3ee09c29dc9023c4; Git history is audit evidence, not ownership proof","David Zenz","2026-08-25","reviewed-provisional","independent post-baseline work; provisional license is not package-license finalization"
"R/sparseSolver.R","sparse_advance_applied_shocks","R","new-independent","","","","8c264155c39f7adffe8296cd3ee09c29dc9023c4","010c3b9df6dc92228251d5d646ee6362","David Zenz","David Zenz","provisional Apache-2.0 pending dependency compatibility audit","source-lines:1638-1643; first-local-commit:8c264155c39f7adffe8296cd3ee09c29dc9023c4; Git history is audit evidence, not ownership proof","David Zenz","2026-08-25","reviewed-provisional","independent post-baseline work; provisional license is not package-license finalization"
"R/sparseSolver.R","sparse_aggregate_triplets","R","new-independent","","","","8c264155c39f7adffe8296cd3ee09c29dc9023c4","1d6f54ccbc156cdb5511b9f9e6a2aaa2","David Zenz","David Zenz","provisional Apache-2.0 pending dependency compatibility audit","source-lines:477-505; first-local-commit:8c264155c39f7adffe8296cd3ee09c29dc9023c4; Git history is audit evidence, not ownership proof","David Zenz","2026-08-25","reviewed-provisional","independent post-baseline work; provisional license is not package-license finalization"
"R/sparseSolver.R","sparse_apply_shocks","R","new-independent","","","","8c264155c39f7adffe8296cd3ee09c29dc9023c4","6676fe467d336366d632c67bf625c8a3","David Zenz","David Zenz","provisional Apache-2.0 pending dependency compatibility audit","source-lines:1452-1461; first-local-commit:8c264155c39f7adffe8296cd3ee09c29dc9023c4; Git history is audit evidence, not ownership proof","David Zenz","2026-08-25","reviewed-provisional","independent post-baseline work; provisional license is not package-license finalization"
"R/sparseSolver.R","sparse_apply_solution","R","new-independent","","","","8c264155c39f7adffe8296cd3ee09c29dc9023c4","a8d98bc550873f8e5fc3e00a685bb129","David Zenz","David Zenz","provisional Apache-2.0 pending dependency compatibility audit","source-lines:1417-1432; first-local-commit:8c264155c39f7adffe8296cd3ee09c29dc9023c4; Git history is audit evidence, not ownership proof","David Zenz","2026-08-25","reviewed-provisional","independent post-baseline work; provisional license is not package-license finalization"
"R/sparseSolver.R","sparse_apply_update_vectorized","R","new-independent","","","","81746cd941f164ba3381d18bea085e14b696b860","504a634e5d64afe7cab3e283e3842c2f","David Zenz","David Zenz","provisional Apache-2.0 pending dependency compatibility audit","source-lines:1523-1603; first-local-commit:81746cd941f164ba3381d18bea085e14b696b860; Git history is audit evidence, not ownership proof","David Zenz","2026-08-25","reviewed-provisional","independent post-baseline work; provisional license is not package-license finalization"
"R/sparseSolver.R","sparse_apply_updates","R","new-independent","","","","8c264155c39f7adffe8296cd3ee09c29dc9023c4","cb137a5681c65becc69b5b290cd7a222","David Zenz","David Zenz","provisional Apache-2.0 pending dependency compatibility audit","source-lines:1463-1497; first-local-commit:8c264155c39f7adffe8296cd3ee09c29dc9023c4; Git history is audit evidence, not ownership proof","David Zenz","2026-08-25","reviewed-provisional","independent post-baseline work; provisional license is not package-license finalization"
"R/sparseSolver.R","sparse_as_sparsem_csr","R","new-independent","","","","8c264155c39f7adffe8296cd3ee09c29dc9023c4","ea8bd9db9365553d0ab6bfdac1d9dfa0","David Zenz","David Zenz","provisional Apache-2.0 pending dependency compatibility audit","source-lines:1201-1218; first-local-commit:8c264155c39f7adffe8296cd3ee09c29dc9023c4; Git history is audit evidence, not ownership proof","David Zenz","2026-08-25","reviewed-provisional","independent post-baseline work; provisional license is not package-license finalization"
"R/sparseSolver.R","sparse_change_mask","R","new-independent","","","","8c264155c39f7adffe8296cd3ee09c29dc9023c4","ea79497a0b1f1c6f55d7d6bc41c4f0c7","David Zenz","David Zenz","provisional Apache-2.0 pending dependency compatibility audit","source-lines:1605-1612; first-local-commit:8c264155c39f7adffe8296cd3ee09c29dc9023c4; Git history is audit evidence, not ownership proof","David Zenz","2026-08-25","reviewed-provisional","independent post-baseline work; provisional license is not package-license finalization"
"R/sparseSolver.R","sparse_check_budget","R","new-independent","","","","8c264155c39f7adffe8296cd3ee09c29dc9023c4","b1597ee261b5486435b8f09e6aab1072","David Zenz","David Zenz","provisional Apache-2.0 pending dependency compatibility audit","source-lines:1810-1824; first-local-commit:8c264155c39f7adffe8296cd3ee09c29dc9023c4; Git history is audit evidence, not ownership proof","David Zenz","2026-08-25","reviewed-provisional","independent post-baseline work; provisional license is not package-license finalization"
"R/sparseSolver.R","sparse_checkpoint_state","R","new-independent","","","","8c264155c39f7adffe8296cd3ee09c29dc9023c4","ae7918cbad2aeac647416f2a1bc44e79","David Zenz","David Zenz","provisional Apache-2.0 pending dependency compatibility audit","source-lines:1499-1512; first-local-commit:8c264155c39f7adffe8296cd3ee09c29dc9023c4; Git history is audit evidence, not ownership proof","David Zenz","2026-08-25","reviewed-provisional","independent post-baseline work; provisional license is not package-license finalization"
"R/sparseSolver.R","sparse_data_linear_index","R","new-independent","","","","8c264155c39f7adffe8296cd3ee09c29dc9023c4","6d9cce4d64efbe21ab55151b885756a0","David Zenz","David Zenz","provisional Apache-2.0 pending dependency compatibility audit","source-lines:199-263; first-local-commit:8c264155c39f7adffe8296cd3ee09c29dc9023c4; Git history is audit evidence, not ownership proof","David Zenz","2026-08-25","reviewed-provisional","independent post-baseline work; provisional license is not package-license finalization"
"R/sparseSolver.R","sparse_emit_system","R","new-independent","","","","8c264155c39f7adffe8296cd3ee09c29dc9023c4","e9da5345787cb62f07ac93942ef4c458","David Zenz","David Zenz","provisional Apache-2.0 pending dependency compatibility audit","source-lines:1116-1121; first-local-commit:8c264155c39f7adffe8296cd3ee09c29dc9023c4; Git history is audit evidence, not ownership proof","David Zenz","2026-08-25","reviewed-provisional","independent post-baseline work; provisional license is not package-license finalization"
"R/sparseSolver.R","sparse_emit_system_scalar","R","new-independent","","","","8c264155c39f7adffe8296cd3ee09c29dc9023c4","701b251f1eee1d07236435912d1ac0d1","David Zenz","David Zenz","provisional Apache-2.0 pending dependency compatibility audit","source-lines:507-619; first-local-commit:8c264155c39f7adffe8296cd3ee09c29dc9023c4; Git history is audit evidence, not ownership proof","David Zenz","2026-08-25","reviewed-provisional","independent post-baseline work; provisional license is not package-license finalization"
"R/sparseSolver.R","sparse_emit_system_vectorized","R","new-independent","","","","8c264155c39f7adffe8296cd3ee09c29dc9023c4","7e0fbbf381ae800773ff28c66b09932b","David Zenz","David Zenz","provisional Apache-2.0 pending dependency compatibility audit","source-lines:956-1114; first-local-commit:8c264155c39f7adffe8296cd3ee09c29dc9023c4; Git history is audit evidence, not ownership proof","David Zenz","2026-08-25","reviewed-provisional","independent post-baseline work; provisional license is not package-license finalization"
"R/sparseSolver.R","sparse_endogenous_labels","R","new-independent","","","","8c264155c39f7adffe8296cd3ee09c29dc9023c4","4c530783958738e857a809f3861ea70a","David Zenz","David Zenz","provisional Apache-2.0 pending dependency compatibility audit","source-lines:374-384; first-local-commit:8c264155c39f7adffe8296cd3ee09c29dc9023c4; Git history is audit evidence, not ownership proof","David Zenz","2026-08-25","reviewed-provisional","independent post-baseline work; provisional license is not package-license finalization"
"R/sparseSolver.R","sparse_estimate_memory","R","new-independent","","","","8c264155c39f7adffe8296cd3ee09c29dc9023c4","85c160b8724bf0a34cf35c31c215fc4a","David Zenz","David Zenz","provisional Apache-2.0 pending dependency compatibility audit","source-lines:1772-1808; first-local-commit:8c264155c39f7adffe8296cd3ee09c29dc9023c4; Git history is audit evidence, not ownership proof","David Zenz","2026-08-25","reviewed-provisional","independent post-baseline work; provisional license is not package-license finalization"
"R/sparseSolver.R","sparse_eval_expr_vectorized","R","new-independent","","","","8c264155c39f7adffe8296cd3ee09c29dc9023c4","4a4ecd1f43f4862e967e06b2f5abab63","David Zenz","David Zenz","provisional Apache-2.0 pending dependency compatibility audit","source-lines:711-921; first-local-commit:8c264155c39f7adffe8296cd3ee09c29dc9023c4; Git history is audit evidence, not ownership proof","David Zenz","2026-08-25","reviewed-provisional","independent post-baseline work; provisional license is not package-license finalization"
"R/sparseSolver.R","sparse_extrapolate_steps","R","new-independent","","","","8c264155c39f7adffe8296cd3ee09c29dc9023c4","d4aaf7f39d8991aa4f24a0a917d7a4ed","David Zenz","David Zenz","provisional Apache-2.0 pending dependency compatibility audit","source-lines:1645-1659; first-local-commit:8c264155c39f7adffe8296cd3ee09c29dc9023c4; Git history is audit evidence, not ownership proof","David Zenz","2026-08-25","reviewed-provisional","independent post-baseline work; provisional license is not package-license finalization"
"R/sparseSolver.R","sparse_gc_bytes","R","new-independent","","","","8c264155c39f7adffe8296cd3ee09c29dc9023c4","e0d8ddeb5e29798588bc856be37d09f3","David Zenz","David Zenz","provisional Apache-2.0 pending dependency compatibility audit","source-lines:1700-1703; first-local-commit:8c264155c39f7adffe8296cd3ee09c29dc9023c4; Git history is audit evidence, not ownership proof","David Zenz","2026-08-25","reviewed-provisional","independent post-baseline work; provisional license is not package-license finalization"
"R/sparseSolver.R","sparse_global_for_ref","R","new-independent","","","","8c264155c39f7adffe8296cd3ee09c29dc9023c4","95ad7e37cf3ab479a442c0f393c8a356","David Zenz","David Zenz","provisional Apache-2.0 pending dependency compatibility audit","source-lines:265-316; first-local-commit:8c264155c39f7adffe8296cd3ee09c29dc9023c4; Git history is audit evidence, not ownership proof","David Zenz","2026-08-25","reviewed-provisional","independent post-baseline work; provisional license is not package-license finalization"
"R/sparseSolver.R","sparse_initialize_update_target","R","new-independent","","","","8c264155c39f7adffe8296cd3ee09c29dc9023c4","7b69babdcdb3c793a43b1163365cc3ec","David Zenz","David Zenz","provisional Apache-2.0 pending dependency compatibility audit","source-lines:328-348; first-local-commit:8c264155c39f7adffe8296cd3ee09c29dc9023c4; Git history is audit evidence, not ownership proof","David Zenz","2026-08-25","reviewed-provisional","independent post-baseline work; provisional license is not package-license finalization"
"R/sparseSolver.R","sparse_initialize_update_targets","R","new-independent","","","","8c264155c39f7adffe8296cd3ee09c29dc9023c4","47087a77f5bca8cfd97083b3a8308fed","David Zenz","David Zenz","provisional Apache-2.0 pending dependency compatibility audit","source-lines:350-363; first-local-commit:8c264155c39f7adffe8296cd3ee09c29dc9023c4; Git history is audit evidence, not ownership proof","David Zenz","2026-08-25","reviewed-provisional","independent post-baseline work; provisional license is not package-license finalization"
"R/sparseSolver.R","sparse_lhs_column_order","R","new-independent","","","","81746cd941f164ba3381d18bea085e14b696b860","3a028b5ae1f74d4b50c607fd2e280a1e","David Zenz","David Zenz","provisional Apache-2.0 pending dependency compatibility audit","source-lines:1122-1200; first-local-commit:81746cd941f164ba3381d18bea085e14b696b860; Git history is audit evidence, not ownership proof","David Zenz","2026-08-25","reviewed-provisional","independent post-baseline work; provisional license is not package-license finalization"
"R/sparseSolver.R","sparse_make_state","R","new-independent","","","","8c264155c39f7adffe8296cd3ee09c29dc9023c4","844f19655e82a785a5acbd803a76426f","David Zenz","David Zenz","provisional Apache-2.0 pending dependency compatibility audit","source-lines:7-11; first-local-commit:8c264155c39f7adffe8296cd3ee09c29dc9023c4; Git history is audit evidence, not ownership proof","David Zenz","2026-08-25","reviewed-provisional","independent post-baseline work; provisional license is not package-license finalization"
"R/sparseSolver.R","sparse_normalize_shocks","R","new-independent","","","","8c264155c39f7adffe8296cd3ee09c29dc9023c4","2e062250acaa7b9a0f2f5a46bc85f9fa","David Zenz","David Zenz","provisional Apache-2.0 pending dependency compatibility audit","source-lines:120-147; first-local-commit:8c264155c39f7adffe8296cd3ee09c29dc9023c4; Git history is audit evidence, not ownership proof","David Zenz","2026-08-25","reviewed-provisional","independent post-baseline work; provisional license is not package-license finalization"
"R/sparseSolver.R","sparse_process_tablo","R","new-independent","","","","8c264155c39f7adffe8296cd3ee09c29dc9023c4","cefa751a61821e9eb1d9ab14cc64f8a0","David Zenz","David Zenz","provisional Apache-2.0 pending dependency compatibility audit","source-lines:12-88; first-local-commit:8c264155c39f7adffe8296cd3ee09c29dc9023c4; Git history is audit evidence, not ownership proof","David Zenz","2026-08-25","reviewed-provisional","independent post-baseline work; provisional license is not package-license finalization"
"R/sparseSolver.R","sparse_project_outputs","R","new-independent","","","","8c264155c39f7adffe8296cd3ee09c29dc9023c4","d848f25d434e314ae2275c91e9553d87","David Zenz","David Zenz","provisional Apache-2.0 pending dependency compatibility audit","source-lines:1684-1698; first-local-commit:8c264155c39f7adffe8296cd3ee09c29dc9023c4; Git history is audit evidence, not ownership proof","David Zenz","2026-08-25","reviewed-provisional","independent post-baseline work; provisional license is not package-license finalization"
"R/sparseSolver.R","sparse_reduce_system","R","new-independent","","","","8c264155c39f7adffe8296cd3ee09c29dc9023c4","1063f4d5d6d5df05d8c0105b2a2d5559","David Zenz","David Zenz","provisional Apache-2.0 pending dependency compatibility audit","source-lines:1323-1415; first-local-commit:8c264155c39f7adffe8296cd3ee09c29dc9023c4; Git history is audit evidence, not ownership proof","David Zenz","2026-08-25","reviewed-provisional","independent post-baseline work; provisional license is not package-license finalization"
"R/sparseSolver.R","sparse_ref_value","R","new-independent","","","","8c264155c39f7adffe8296cd3ee09c29dc9023c4","ce1ed62b9d3f36b71248ddac556ded1c","David Zenz","David Zenz","provisional Apache-2.0 pending dependency compatibility audit","source-lines:187-197; first-local-commit:8c264155c39f7adffe8296cd3ee09c29dc9023c4; Git history is audit evidence, not ownership proof","David Zenz","2026-08-25","reviewed-provisional","independent post-baseline work; provisional license is not package-license finalization"
"R/sparseSolver.R","sparse_resolve_shocks","R","new-independent","","","","8c264155c39f7adffe8296cd3ee09c29dc9023c4","5a61526df362b9e049ed8f34c9a1cfc0","David Zenz","David Zenz","provisional Apache-2.0 pending dependency compatibility audit","source-lines:409-443; first-local-commit:8c264155c39f7adffe8296cd3ee09c29dc9023c4; Git history is audit evidence, not ownership proof","David Zenz","2026-08-25","reviewed-provisional","independent post-baseline work; provisional license is not package-license finalization"
"R/sparseSolver.R","sparse_restore_checkpoint","R","new-independent","","","","8c264155c39f7adffe8296cd3ee09c29dc9023c4","0fff03aa7017e9ad83f826f6fe7ace97","David Zenz","David Zenz","provisional Apache-2.0 pending dependency compatibility audit","source-lines:1514-1521; first-local-commit:8c264155c39f7adffe8296cd3ee09c29dc9023c4; Git history is audit evidence, not ownership proof","David Zenz","2026-08-25","reviewed-provisional","independent post-baseline work; provisional license is not package-license finalization"
"R/sparseSolver.R","sparse_restrict_index","R","new-independent","","","","bb8eeb3476330f518b703007e2dbf77c428a2c21","acee968fcec72e5a5586d4d672a86621","David Zenz","David Zenz","provisional Apache-2.0 pending dependency compatibility audit","source-lines:1705-1747; first-local-commit:bb8eeb3476330f518b703007e2dbf77c428a2c21; Git history is audit evidence, not ownership proof","David Zenz","2026-08-25","reviewed-provisional","independent post-baseline work; provisional license is not package-license finalization"
"R/sparseSolver.R","sparse_select_simulation_index","R","new-independent","","","","bb8eeb3476330f518b703007e2dbf77c428a2c21","6496988304b941f140638050be15f4fc","David Zenz","David Zenz","provisional Apache-2.0 pending dependency compatibility audit","source-lines:1749-1770; first-local-commit:bb8eeb3476330f518b703007e2dbf77c428a2c21; Git history is audit evidence, not ownership proof","David Zenz","2026-08-25","reviewed-provisional","independent post-baseline work; provisional license is not package-license finalization"
"R/sparseSolver.R","sparse_set_closure_state","R","new-independent","","","","8c264155c39f7adffe8296cd3ee09c29dc9023c4","016bcb770cc3d463319a1c90b5673dca","David Zenz","David Zenz","provisional Apache-2.0 pending dependency compatibility audit","source-lines:149-165; first-local-commit:8c264155c39f7adffe8296cd3ee09c29dc9023c4; Git history is audit evidence, not ownership proof","David Zenz","2026-08-25","reviewed-provisional","independent post-baseline work; provisional license is not package-license finalization"
"R/sparseSolver.R","sparse_set_data_ref","R","new-independent","","","","8c264155c39f7adffe8296cd3ee09c29dc9023c4","3ca4781628ed2d5dc74331773aa07619","David Zenz","David Zenz","provisional Apache-2.0 pending dependency compatibility audit","source-lines:318-326; first-local-commit:8c264155c39f7adffe8296cd3ee09c29dc9023c4; Git history is audit evidence, not ownership proof","David Zenz","2026-08-25","reviewed-provisional","independent post-baseline work; provisional license is not package-license finalization"
"R/sparseSolver.R","sparse_set_global_value","R","new-independent","","","","8c264155c39f7adffe8296cd3ee09c29dc9023c4","eca15e2b5b23fbb38d46d44f42096a4b","David Zenz","David Zenz","provisional Apache-2.0 pending dependency compatibility audit","source-lines:1434-1450; first-local-commit:8c264155c39f7adffe8296cd3ee09c29dc9023c4; Git history is audit evidence, not ownership proof","David Zenz","2026-08-25","reviewed-provisional","independent post-baseline work; provisional license is not package-license finalization"
"R/sparseSolver.R","sparse_set_memory_budget_state","R","new-independent","","","","8c264155c39f7adffe8296cd3ee09c29dc9023c4","d8890d67f624f8954250aa59bfe0ec68","David Zenz","David Zenz","provisional Apache-2.0 pending dependency compatibility audit","source-lines:174-185; first-local-commit:8c264155c39f7adffe8296cd3ee09c29dc9023c4; Git history is audit evidence, not ownership proof","David Zenz","2026-08-25","reviewed-provisional","independent post-baseline work; provisional license is not package-license finalization"
"R/sparseSolver.R","sparse_set_shocks_state","R","new-independent","","","","8c264155c39f7adffe8296cd3ee09c29dc9023c4","1cf04304918e113f5a29f4d48244f210","David Zenz","David Zenz","provisional Apache-2.0 pending dependency compatibility audit","source-lines:167-172; first-local-commit:8c264155c39f7adffe8296cd3ee09c29dc9023c4; Git history is audit evidence, not ownership proof","David Zenz","2026-08-25","reviewed-provisional","independent post-baseline work; provisional license is not package-license finalization"
"R/sparseSolver.R","sparse_shock_lookup","R","new-independent","","","","8c264155c39f7adffe8296cd3ee09c29dc9023c4","60223b305b4a5819bee9c5d76b8d4766","David Zenz","David Zenz","provisional Apache-2.0 pending dependency compatibility audit","source-lines:455-458; first-local-commit:8c264155c39f7adffe8296cd3ee09c29dc9023c4; Git history is audit evidence, not ownership proof","David Zenz","2026-08-25","reviewed-provisional","independent post-baseline work; provisional license is not package-license finalization"
"R/sparseSolver.R","sparse_shock_map","R","new-independent","","","","8c264155c39f7adffe8296cd3ee09c29dc9023c4","14b7ee6beec00ce789028828ca9a7da5","David Zenz","David Zenz","provisional Apache-2.0 pending dependency compatibility audit","source-lines:445-453; first-local-commit:8c264155c39f7adffe8296cd3ee09c29dc9023c4; Git history is audit evidence, not ownership proof","David Zenz","2026-08-25","reviewed-provisional","independent post-baseline work; provisional license is not package-license finalization"
"R/sparseSolver.R","sparse_shocks_from_variable_values","R","new-independent","","","","8c264155c39f7adffe8296cd3ee09c29dc9023c4","e79776a1e1952d21ac93d4ca6d721c28","David Zenz","David Zenz","provisional Apache-2.0 pending dependency compatibility audit","source-lines:386-407; first-local-commit:8c264155c39f7adffe8296cd3ee09c29dc9023c4; Git history is audit evidence, not ownership proof","David Zenz","2026-08-25","reviewed-provisional","independent post-baseline work; provisional license is not package-license finalization"
"R/sparseSolver.R","sparse_solve_model","R","new-independent","","","","8c264155c39f7adffe8296cd3ee09c29dc9023c4","c47090e6a3356f14b3742b09379f61b1","David Zenz","David Zenz","provisional Apache-2.0 pending dependency compatibility audit","source-lines:1934-2147; first-local-commit:8c264155c39f7adffe8296cd3ee09c29dc9023c4; Git history is audit evidence, not ownership proof","David Zenz","2026-08-25","reviewed-provisional","independent post-baseline work; provisional license is not package-license finalization"
"R/sparseSolver.R","sparse_solve_one_step","R","new-independent","","","","8c264155c39f7adffe8296cd3ee09c29dc9023c4","3b3c74bd4a4266360d7f959e20a19ab5","David Zenz","David Zenz","provisional Apache-2.0 pending dependency compatibility audit","source-lines:1826-1932; first-local-commit:8c264155c39f7adffe8296cd3ee09c29dc9023c4; Git history is audit evidence, not ownership proof","David Zenz","2026-08-25","reviewed-provisional","independent post-baseline work; provisional license is not package-license finalization"
"R/sparseSolver.R","sparse_state_data","R","new-independent","","","","8c264155c39f7adffe8296cd3ee09c29dc9023c4","4ef99131f9e9ceb188088d4bdaecd1a3","David Zenz","David Zenz","provisional Apache-2.0 pending dependency compatibility audit","source-lines:3-5; first-local-commit:8c264155c39f7adffe8296cd3ee09c29dc9023c4; Git history is audit evidence, not ownership proof","David Zenz","2026-08-25","reviewed-provisional","independent post-baseline work; provisional license is not package-license finalization"
"R/sparseSolver.R","sparse_subset_output","R","new-independent","","","","8c264155c39f7adffe8296cd3ee09c29dc9023c4","c277e17b7f70c112640358a718d6b3b6","David Zenz","David Zenz","provisional Apache-2.0 pending dependency compatibility audit","source-lines:1661-1682; first-local-commit:8c264155c39f7adffe8296cd3ee09c29dc9023c4; Git history is audit evidence, not ownership proof","David Zenz","2026-08-25","reviewed-provisional","independent post-baseline work; provisional license is not package-license finalization"
"R/sparseSolver.R","sparse_substep_shocks","R","new-independent","","","","8c264155c39f7adffe8296cd3ee09c29dc9023c4","e292c285e6a03769eaebac83ddd07490","David Zenz","David Zenz","provisional Apache-2.0 pending dependency compatibility audit","source-lines:1626-1636; first-local-commit:8c264155c39f7adffe8296cd3ee09c29dc9023c4; Git history is audit evidence, not ownership proof","David Zenz","2026-08-25","reviewed-provisional","independent post-baseline work; provisional license is not package-license finalization"
"R/sparseSolver.R","sparse_triplet_capacity","R","new-independent","","","","8c264155c39f7adffe8296cd3ee09c29dc9023c4","81005d00dd308f1efd94f2a724bf5faf","David Zenz","David Zenz","provisional Apache-2.0 pending dependency compatibility audit","source-lines:460-475; first-local-commit:8c264155c39f7adffe8296cd3ee09c29dc9023c4; Git history is audit evidence, not ownership proof","David Zenz","2026-08-25","reviewed-provisional","independent post-baseline work; provisional license is not package-license finalization"
"R/sparseSolver.R","sparse_true_residual","R","new-independent","","","","bb8eeb3476330f518b703007e2dbf77c428a2c21","80a6258784878618e07c1dbb92c42ff9","David Zenz","David Zenz","provisional Apache-2.0 pending dependency compatibility audit","source-lines:1294-1320; first-local-commit:bb8eeb3476330f518b703007e2dbf77c428a2c21; Git history is audit evidence, not ownership proof","David Zenz","2026-08-25","reviewed-provisional","independent post-baseline work; provisional license is not package-license finalization"
"R/sparseSolver.R","sparse_variable_label","R","new-independent","","","","8c264155c39f7adffe8296cd3ee09c29dc9023c4","4f2916f2fc87a4a101105dc5708dfe31","David Zenz","David Zenz","provisional Apache-2.0 pending dependency compatibility audit","source-lines:364-372; first-local-commit:8c264155c39f7adffe8296cd3ee09c29dc9023c4; Git history is audit evidence, not ownership proof","David Zenz","2026-08-25","reviewed-provisional","independent post-baseline work; provisional license is not package-license finalization"
"R/sparseSolver.R","sparse_vectorized_bindings","R","new-independent","","","","8c264155c39f7adffe8296cd3ee09c29dc9023c4","e09887886ede5116ceee37bdab804d17","David Zenz","David Zenz","provisional Apache-2.0 pending dependency compatibility audit","source-lines:640-660; first-local-commit:8c264155c39f7adffe8296cd3ee09c29dc9023c4; Git history is audit evidence, not ownership proof","David Zenz","2026-08-25","reviewed-provisional","independent post-baseline work; provisional license is not package-license finalization"
"R/sparseSolver.R","sparse_vectorized_expr_supported","R","new-independent","","","","8c264155c39f7adffe8296cd3ee09c29dc9023c4","e05db3d3498b469e10e700f0d5d086b3","David Zenz","David Zenz","provisional Apache-2.0 pending dependency compatibility audit","source-lines:621-638; first-local-commit:8c264155c39f7adffe8296cd3ee09c29dc9023c4; Git history is audit evidence, not ownership proof","David Zenz","2026-08-25","reviewed-provisional","independent post-baseline work; provisional license is not package-license finalization"
"R/sparseSolver.R","sparse_vectorized_index_value","R","new-independent","","","","8c264155c39f7adffe8296cd3ee09c29dc9023c4","d0c37154b5737b4f3067102eeca85f13","David Zenz","David Zenz","provisional Apache-2.0 pending dependency compatibility audit","source-lines:662-672; first-local-commit:8c264155c39f7adffe8296cd3ee09c29dc9023c4; Git history is audit evidence, not ownership proof","David Zenz","2026-08-25","reviewed-provisional","independent post-baseline work; provisional license is not package-license finalization"
"R/sparseSolver.R","sparse_vectorized_positions","R","new-independent","","","","8c264155c39f7adffe8296cd3ee09c29dc9023c4","32488ad97e45fb16c4293e1d6ab0cbb9","David Zenz","David Zenz","provisional Apache-2.0 pending dependency compatibility audit","source-lines:674-709; first-local-commit:8c264155c39f7adffe8296cd3ee09c29dc9023c4; Git history is audit evidence, not ownership proof","David Zenz","2026-08-25","reviewed-provisional","independent post-baseline work; provisional license is not package-license finalization"
"R/sparseSolver.R","sparse_vectorized_ref_positions","R","new-independent","","","","8c264155c39f7adffe8296cd3ee09c29dc9023c4","4e429756ab8c7717941f6b539b59d265","David Zenz","David Zenz","provisional Apache-2.0 pending dependency compatibility audit","source-lines:923-954; first-local-commit:8c264155c39f7adffe8296cd3ee09c29dc9023c4; Git history is audit evidence, not ownership proof","David Zenz","2026-08-25","reviewed-provisional","independent post-baseline work; provisional license is not package-license finalization"
"R/sparseSuiteSparse.R","sparse_suite_sparse_available","R","new-independent","","","","81746cd941f164ba3381d18bea085e14b696b860","1186054b15b2192f02280f744c6ff226","David Zenz","David Zenz","provisional Apache-2.0 pending dependency compatibility audit","source-lines:3-13; first-local-commit:81746cd941f164ba3381d18bea085e14b696b860; Git history is audit evidence, not ownership proof","David Zenz","2026-08-25","reviewed-provisional","independent post-baseline work; provisional license is not package-license finalization"
"R/sparseSuiteSparse.R","sparse_suite_sparse_ordering","R","new-independent","","","","81746cd941f164ba3381d18bea085e14b696b860","37b5f7eba1349a21f70a56165e71a7dd","David Zenz","David Zenz","provisional Apache-2.0 pending dependency compatibility audit","source-lines:15-39; first-local-commit:81746cd941f164ba3381d18bea085e14b696b860; Git history is audit evidence, not ownership proof","David Zenz","2026-08-25","reviewed-provisional","independent post-baseline work; provisional license is not package-license finalization"
"R/tabloToStatements.R","breakLine","R","inherited-identical","https://github.com/mivanic/tabloToR","7e063c65a19713857ed13023f8b77dad45b15c90","R/tabloToStatements.R","7407b540db8c8a066d07b1abed2879cb9ca31e43","73a7cb5301e40a488876a97cb96c5ae8","Maros Ivanic","none (U.S. federal government work)","public-domain-cc0; docs/provenance/UPSTREAM-RESPONSE.md","source-lines:27-35; first-local-commit:7407b540db8c8a066d07b1abed2879cb9ca31e43; Git history is audit evidence, not ownership proof; expression compared with upstream commit 7e063c65a19713857ed13023f8b77dad45b15c90; docs/provenance/UPSTREAM-RESPONSE.md","David Zenz","2026-08-25","reviewed-cleared","upstream public-domain/CC0 scope accepted for audited baseline"
"R/tabloToStatements.R","cleanLine","R","inherited-identical","https://github.com/mivanic/tabloToR","7e063c65a19713857ed13023f8b77dad45b15c90","R/tabloToStatements.R","7407b540db8c8a066d07b1abed2879cb9ca31e43","aa1156f70880649c03ccc95d3a3feb35","Maros Ivanic; mivanicERS","none (U.S. federal government work)","public-domain-cc0; docs/provenance/UPSTREAM-RESPONSE.md","source-lines:81-110; first-local-commit:7407b540db8c8a066d07b1abed2879cb9ca31e43; Git history is audit evidence, not ownership proof; expression compared with upstream commit 7e063c65a19713857ed13023f8b77dad45b15c90; docs/provenance/UPSTREAM-RESPONSE.md","David Zenz","2026-08-25","reviewed-cleared","upstream public-domain/CC0 scope accepted for audited baseline"
"R/tabloToStatements.R","fileToLines","R","inherited-identical","https://github.com/mivanic/tabloToR","7e063c65a19713857ed13023f8b77dad45b15c90","R/tabloToStatements.R","7407b540db8c8a066d07b1abed2879cb9ca31e43","22cc68a9e2fbcf80c7ace283772c39f8","Maros Ivanic; mivanicERS","none (U.S. federal government work)","public-domain-cc0; docs/provenance/UPSTREAM-RESPONSE.md","source-lines:114-225; first-local-commit:7407b540db8c8a066d07b1abed2879cb9ca31e43; Git history is audit evidence, not ownership proof; expression compared with upstream commit 7e063c65a19713857ed13023f8b77dad45b15c90; docs/provenance/UPSTREAM-RESPONSE.md","David Zenz","2026-08-25","reviewed-cleared","upstream public-domain/CC0 scope accepted for audited baseline"
"R/tabloToStatements.R","generateParsedInput","R","inherited-identical","https://github.com/mivanic/tabloToR","7e063c65a19713857ed13023f8b77dad45b15c90","R/tabloToStatements.R","7407b540db8c8a066d07b1abed2879cb9ca31e43","c8397a35c789538ea769780fbea39784","Maros Ivanic","none (U.S. federal government work)","public-domain-cc0; docs/provenance/UPSTREAM-RESPONSE.md","source-lines:227-260; first-local-commit:7407b540db8c8a066d07b1abed2879cb9ca31e43; Git history is audit evidence, not ownership proof; expression compared with upstream commit 7e063c65a19713857ed13023f8b77dad45b15c90; docs/provenance/UPSTREAM-RESPONSE.md","David Zenz","2026-08-25","reviewed-cleared","upstream public-domain/CC0 scope accepted for audited baseline"
"R/tabloToStatements.R","generateParsedInputEquation","R","inherited-identical","https://github.com/mivanic/tabloToR","7e063c65a19713857ed13023f8b77dad45b15c90","R/tabloToStatements.R","19dbce3495ce262eb95d1aa978f9dbda29486a08","8a3e8c364b997abfc4f0b35f1cfe09a2","mivanicERS","none (U.S. federal government work)","public-domain-cc0; docs/provenance/UPSTREAM-RESPONSE.md","source-lines:262-290; first-local-commit:19dbce3495ce262eb95d1aa978f9dbda29486a08; Git history is audit evidence, not ownership proof; expression compared with upstream commit 7e063c65a19713857ed13023f8b77dad45b15c90; docs/provenance/UPSTREAM-RESPONSE.md","David Zenz","2026-08-25","reviewed-cleared","upstream public-domain/CC0 scope accepted for audited baseline"
"R/tabloToStatements.R","readEquationName","R","inherited-identical","https://github.com/mivanic/tabloToR","7e063c65a19713857ed13023f8b77dad45b15c90","R/tabloToStatements.R","7407b540db8c8a066d07b1abed2879cb9ca31e43","2943ee0bab21d336f3c27360730f0b70","Maros Ivanic; mivanicERS","none (U.S. federal government work)","public-domain-cc0; docs/provenance/UPSTREAM-RESPONSE.md","source-lines:71-80; first-local-commit:7407b540db8c8a066d07b1abed2879cb9ca31e43; Git history is audit evidence, not ownership proof; expression compared with upstream commit 7e063c65a19713857ed13023f8b77dad45b15c90; docs/provenance/UPSTREAM-RESPONSE.md","David Zenz","2026-08-25","reviewed-cleared","upstream public-domain/CC0 scope accepted for audited baseline"
"R/tabloToStatements.R","readFirstWord","R","inherited-identical","https://github.com/mivanic/tabloToR","7e063c65a19713857ed13023f8b77dad45b15c90","R/tabloToStatements.R","7407b540db8c8a066d07b1abed2879cb9ca31e43","73b67a3c0564e6484bf177909c8c8ac2","Maros Ivanic; mivanicERS","none (U.S. federal government work)","public-domain-cc0; docs/provenance/UPSTREAM-RESPONSE.md","source-lines:36-69; first-local-commit:7407b540db8c8a066d07b1abed2879cb9ca31e43; Git history is audit evidence, not ownership proof; expression compared with upstream commit 7e063c65a19713857ed13023f8b77dad45b15c90; docs/provenance/UPSTREAM-RESPONSE.md","David Zenz","2026-08-25","reviewed-cleared","upstream public-domain/CC0 scope accepted for audited baseline"
"R/tabloToStatements.R","removeComments","R","inherited-identical","https://github.com/mivanic/tabloToR","7e063c65a19713857ed13023f8b77dad45b15c90","R/tabloToStatements.R","7407b540db8c8a066d07b1abed2879cb9ca31e43","95814b3ccd02b886e4f868ecda9e70b2","Maros Ivanic","none (U.S. federal government work)","public-domain-cc0; docs/provenance/UPSTREAM-RESPONSE.md","source-lines:2-24; first-local-commit:7407b540db8c8a066d07b1abed2879cb9ca31e43; Git history is audit evidence, not ownership proof; expression compared with upstream commit 7e063c65a19713857ed13023f8b77dad45b15c90; docs/provenance/UPSTREAM-RESPONSE.md","David Zenz","2026-08-25","reviewed-cleared","upstream public-domain/CC0 scope accepted for audited baseline"
"R/tabloToStatements.R","tabloToStatements","R","inherited-identical","https://github.com/mivanic/tabloToR","7e063c65a19713857ed13023f8b77dad45b15c90","R/tabloToStatements.R","7407b540db8c8a066d07b1abed2879cb9ca31e43","7b50629be81a603e64805e0938f9afe4","Maros Ivanic; mivanicERS","none (U.S. federal government work)","public-domain-cc0; docs/provenance/UPSTREAM-RESPONSE.md","source-lines:294-337; first-local-commit:7407b540db8c8a066d07b1abed2879cb9ca31e43; Git history is audit evidence, not ownership proof; expression compared with upstream commit 7e063c65a19713857ed13023f8b77dad45b15c90; docs/provenance/UPSTREAM-RESPONSE.md","David Zenz","2026-08-25","reviewed-cleared","upstream public-domain/CC0 scope accepted for audited baseline"
"R/updateGenerator.R","generateUpdates","R","inherited-identical","https://github.com/mivanic/tabloToR","7e063c65a19713857ed13023f8b77dad45b15c90","R/updateGenerator.R","173d911ef20eb0e05f5ecaadc20f6567d3a185d5","33d975050457eb84161477b08b9b275d","Maros Ivanic","none (U.S. federal government work)","public-domain-cc0; docs/provenance/UPSTREAM-RESPONSE.md","source-lines:1-19; first-local-commit:173d911ef20eb0e05f5ecaadc20f6567d3a185d5; Git history is audit evidence, not ownership proof; expression compared with upstream commit 7e063c65a19713857ed13023f8b77dad45b15c90; docs/provenance/UPSTREAM-RESPONSE.md","David Zenz","2026-08-25","reviewed-cleared","upstream public-domain/CC0 scope accepted for audited baseline"
"R/variableGenerator.R","generateVariables","R","inherited-identical","https://github.com/mivanic/tabloToR","7e063c65a19713857ed13023f8b77dad45b15c90","R/variableGenerator.R","173d911ef20eb0e05f5ecaadc20f6567d3a185d5","a48ec5cd2e8253584d152876cfa0c41b","Maros Ivanic","none (U.S. federal government work)","public-domain-cc0; docs/provenance/UPSTREAM-RESPONSE.md","source-lines:1-17; first-local-commit:173d911ef20eb0e05f5ecaadc20f6567d3a185d5; Git history is audit evidence, not ownership proof; expression compared with upstream commit 7e063c65a19713857ed13023f8b77dad45b15c90; docs/provenance/UPSTREAM-RESPONSE.md","David Zenz","2026-08-25","reviewed-cleared","upstream public-domain/CC0 scope accepted for audited baseline"
"R/zzzSparseSchurCpp.R",".sparse_cpp_aggregate_diagnostics","R","new-independent","","","","c9cb44d7af917d599ef571e287bdb8a267a56dfb","ed8ace3ddd42d28a184042aa3e3e0074","David Zenz","David Zenz","provisional Apache-2.0 pending dependency compatibility audit","source-lines:530-556; first-local-commit:c9cb44d7af917d599ef571e287bdb8a267a56dfb; Git history is audit evidence, not ownership proof","David Zenz","2026-08-25","reviewed-provisional","independent post-baseline work; provisional license is not package-license finalization"
"R/zzzSparseSchurCpp.R",".sparse_cpp_dense_factor","R","new-independent","","","","c9cb44d7af917d599ef571e287bdb8a267a56dfb","3fe0f777802455e783cfe0ff8569befc","David Zenz","David Zenz","provisional Apache-2.0 pending dependency compatibility audit","source-lines:211-225; first-local-commit:c9cb44d7af917d599ef571e287bdb8a267a56dfb; Git history is audit evidence, not ownership proof","David Zenz","2026-08-25","reviewed-provisional","independent post-baseline work; provisional license is not package-license finalization"
"R/zzzSparseSchurCpp.R",".sparse_cpp_pattern_entry","R","new-independent","","","","c9cb44d7af917d599ef571e287bdb8a267a56dfb","d1494cc561e50d5d08cf36c91821308c","David Zenz","David Zenz","provisional Apache-2.0 pending dependency compatibility audit","source-lines:140-209; first-local-commit:c9cb44d7af917d599ef571e287bdb8a267a56dfb; Git history is audit evidence, not ownership proof","David Zenz","2026-08-25","reviewed-provisional","independent post-baseline work; provisional license is not package-license finalization"
"R/zzzSparseSchurCpp.R",".sparse_cpp_release_live_factors","R","new-independent","","","","c9cb44d7af917d599ef571e287bdb8a267a56dfb","3c38c7d1eddbb3993d39bc6276b0fe91","David Zenz","David Zenz","provisional Apache-2.0 pending dependency compatibility audit","source-lines:227-234; first-local-commit:c9cb44d7af917d599ef571e287bdb8a267a56dfb; Git history is audit evidence, not ownership proof","David Zenz","2026-08-25","reviewed-provisional","independent post-baseline work; provisional license is not package-license finalization"
"R/zzzSparseSchurCpp.R",".sparse_cpp_sum_counters","R","new-independent","","","","c9cb44d7af917d599ef571e287bdb8a267a56dfb","b8bf46fa2885c2a4d4c8ff95ee5fbae2","David Zenz","David Zenz","provisional Apache-2.0 pending dependency compatibility audit","source-lines:274-289; first-local-commit:c9cb44d7af917d599ef571e287bdb8a267a56dfb; Git history is audit evidence, not ownership proof","David Zenz","2026-08-25","reviewed-provisional","independent post-baseline work; provisional license is not package-license finalization"
"R/zzzSparseSchurCpp.R",".sparse_exact_schur_build_cpp","R","new-independent","","","","c9cb44d7af917d599ef571e287bdb8a267a56dfb","35dfacb388fcb7cfa0d472a9e22c517a","David Zenz","David Zenz","provisional Apache-2.0 pending dependency compatibility audit","source-lines:291-492; first-local-commit:c9cb44d7af917d599ef571e287bdb8a267a56dfb; Git history is audit evidence, not ownership proof","David Zenz","2026-08-25","reviewed-provisional","independent post-baseline work; provisional license is not package-license finalization"
"R/zzzSparseSchurCpp.R",".sparse_schur_cpp_require_impl","R","new-independent","","","","c9cb44d7af917d599ef571e287bdb8a267a56dfb","64f54326fec83e1a9af78fa75dda0e94","David Zenz","David Zenz","provisional Apache-2.0 pending dependency compatibility audit","source-lines:29-120; first-local-commit:c9cb44d7af917d599ef571e287bdb8a267a56dfb; Git history is audit evidence, not ownership proof","David Zenz","2026-08-25","reviewed-provisional","independent post-baseline work; provisional license is not package-license finalization"
"R/zzzSparseSchurCpp.R",".sparse_schur_cpp_reset","R","new-independent","","","","c9cb44d7af917d599ef571e287bdb8a267a56dfb","8be2f4b9a6fdbf6c83cdb81409590fb1","David Zenz","David Zenz","provisional Apache-2.0 pending dependency compatibility audit","source-lines:23-27; first-local-commit:c9cb44d7af917d599ef571e287bdb8a267a56dfb; Git history is audit evidence, not ownership proof","David Zenz","2026-08-25","reviewed-provisional","independent post-baseline work; provisional license is not package-license finalization"
"R/zzzSparseSchurCpp.R","sparse_exact_schur_build","R","new-independent","","","","c9cb44d7af917d599ef571e287bdb8a267a56dfb","20ed378cf7491af88f496671ade6ad3b","David Zenz","David Zenz","provisional Apache-2.0 pending dependency compatibility audit","source-lines:495-501; first-local-commit:c9cb44d7af917d599ef571e287bdb8a267a56dfb; Git history is audit evidence, not ownership proof","David Zenz","2026-08-25","reviewed-provisional","independent post-baseline work; provisional license is not package-license finalization"
"R/zzzSparseSchurCpp.R","sparse_exact_schur_solve","R","new-independent","","","","c9cb44d7af917d599ef571e287bdb8a267a56dfb","e437c41959439be320296780b0442a5c","David Zenz","David Zenz","provisional Apache-2.0 pending dependency compatibility audit","source-lines:504-513; first-local-commit:c9cb44d7af917d599ef571e287bdb8a267a56dfb; Git history is audit evidence, not ownership proof","David Zenz","2026-08-25","reviewed-provisional","independent post-baseline work; provisional license is not package-license finalization"
"R/zzzSparseSchurCpp.R","sparse_exact_schur_solve_factor","R","new-independent","","","","c9cb44d7af917d599ef571e287bdb8a267a56dfb","37fcb961a6e41277269f9044f37a4def","David Zenz","David Zenz","provisional Apache-2.0 pending dependency compatibility audit","source-lines:237-272; first-local-commit:c9cb44d7af917d599ef571e287bdb8a267a56dfb; Git history is audit evidence, not ownership proof","David Zenz","2026-08-25","reviewed-provisional","independent post-baseline work; provisional license is not package-license finalization"
"R/zzzSparseSchurCpp.R","sparse_make_state","R","new-independent","","","","c9cb44d7af917d599ef571e287bdb8a267a56dfb","a8c61c7049fa1f0d7920dcbb4e0c7671","David Zenz","David Zenz","provisional Apache-2.0 pending dependency compatibility audit","source-lines:125-129; first-local-commit:c9cb44d7af917d599ef571e287bdb8a267a56dfb; Git history is audit evidence, not ownership proof","David Zenz","2026-08-25","reviewed-provisional","independent post-baseline work; provisional license is not package-license finalization"
"R/zzzSparseSchurCpp.R","sparse_set_closure_state","R","new-independent","","","","c9cb44d7af917d599ef571e287bdb8a267a56dfb","608501905fe83d9cf98b2059491cd65c","David Zenz","David Zenz","provisional Apache-2.0 pending dependency compatibility audit","source-lines:132-138; first-local-commit:c9cb44d7af917d599ef571e287bdb8a267a56dfb; Git history is audit evidence, not ownership proof","David Zenz","2026-08-25","reviewed-provisional","independent post-baseline work; provisional license is not package-license finalization"
"R/zzzSparseSchurCpp.R","sparse_solve_model","R","new-independent","","","","c9cb44d7af917d599ef571e287bdb8a267a56dfb","f86d5855ef4b07587b7faf003367bb39","David Zenz","David Zenz","provisional Apache-2.0 pending dependency compatibility audit","source-lines:559-619; first-local-commit:c9cb44d7af917d599ef571e287bdb8a267a56dfb; Git history is audit evidence, not ownership proof","David Zenz","2026-08-25","reviewed-provisional","independent post-baseline work; provisional license is not package-license finalization"
"R/zzzSparseSchurCpp.R","sparse_solve_one_step","R","new-independent","","","","c9cb44d7af917d599ef571e287bdb8a267a56dfb","f6377c49724d94b5c19731f607d1b339","David Zenz","David Zenz","provisional Apache-2.0 pending dependency compatibility audit","source-lines:516-528; first-local-commit:c9cb44d7af917d599ef571e287bdb8a267a56dfb; Git history is audit evidence, not ownership proof","David Zenz","2026-08-25","reviewed-provisional","independent post-baseline work; provisional license is not package-license finalization"
"R/zzzzSparseSchurOpenMP.R",".tabloToR_schur_accumulate_batch","R","new-independent","","","","4e484ba8aee1dadaad8728f5d88319a2ab4bf9d4","99e37ead919317af543f222547458163","David Zenz","David Zenz","provisional Apache-2.0 pending dependency compatibility audit","source-lines:6-22; first-local-commit:4e484ba8aee1dadaad8728f5d88319a2ab4bf9d4; Git history is audit evidence, not ownership proof","David Zenz","2026-08-25","reviewed-provisional","independent post-baseline work; provisional license is not package-license finalization"
"R/zzzzzSchurDiagnostics.R",".sparse_reference_schur_aggregate","R","new-independent","","","","4ed91488c4e3db667f146e6f169ed2f43ec421b2","7473b3fbc36b17cbe9b8ee789a156506","David Zenz","David Zenz","provisional Apache-2.0 pending dependency compatibility audit","source-lines:102-119; first-local-commit:4ed91488c4e3db667f146e6f169ed2f43ec421b2; Git history is audit evidence, not ownership proof","David Zenz","2026-08-25","reviewed-provisional","independent post-baseline work; provisional license is not package-license finalization"
"R/zzzzzSchurDiagnostics.R","sparse_dense_factor","R","new-independent","","","","4ed91488c4e3db667f146e6f169ed2f43ec421b2","04e8549ac732273d15334e183456dce5","David Zenz","David Zenz","provisional Apache-2.0 pending dependency compatibility audit","source-lines:25-37; first-local-commit:4ed91488c4e3db667f146e6f169ed2f43ec421b2; Git history is audit evidence, not ownership proof","David Zenz","2026-08-25","reviewed-provisional","independent post-baseline work; provisional license is not package-license finalization"
"R/zzzzzSchurDiagnostics.R","sparse_exact_schur_build","R","new-independent","","","","4ed91488c4e3db667f146e6f169ed2f43ec421b2","dc32951362cfeacec918a37133c2cb24","David Zenz","David Zenz","provisional Apache-2.0 pending dependency compatibility audit","source-lines:40-100; first-local-commit:4ed91488c4e3db667f146e6f169ed2f43ec421b2; Git history is audit evidence, not ownership proof","David Zenz","2026-08-25","reviewed-provisional","independent post-baseline work; provisional license is not package-license finalization"
"R/zzzzzSchurDiagnostics.R","sparse_exact_schur_solve_factor","R","new-independent","","","","4ed91488c4e3db667f146e6f169ed2f43ec421b2","1e442f59c13f2065bb23a3dfe40e5527","David Zenz","David Zenz","provisional Apache-2.0 pending dependency compatibility audit","source-lines:9-22; first-local-commit:4ed91488c4e3db667f146e6f169ed2f43ec421b2; Git history is audit evidence, not ownership proof","David Zenz","2026-08-25","reviewed-provisional","independent post-baseline work; provisional license is not package-license finalization"
"R/zzzzzSchurDiagnostics.R","sparse_solve_model","R","new-independent","","","","4ed91488c4e3db667f146e6f169ed2f43ec421b2","984279da1b24a262859d8eaa2414516d","David Zenz","David Zenz","provisional Apache-2.0 pending dependency compatibility audit","source-lines:122-155; first-local-commit:4ed91488c4e3db667f146e6f169ed2f43ec421b2; Git history is audit evidence, not ownership proof","David Zenz","2026-08-25","reviewed-provisional","independent post-baseline work; provisional license is not package-license finalization"
"inst/cpp/sparse-elimination.cpp","tabloToR_eliminate_blocks","C/C++","new-independent","","","","bb8eeb3476330f518b703007e2dbf77c428a2c21","cf1e53219fe885a5a06880786d8924d0","David Zenz","David Zenz","provisional Apache-2.0 pending dependency compatibility audit","source-lines:213-378; first-local-commit:bb8eeb3476330f518b703007e2dbf77c428a2c21; Git history is audit evidence, not ownership proof","David Zenz","2026-08-27","reviewed-provisional","independent post-baseline work; provisional license is not package-license finalization"
"inst/cpp/sparse-elimination.cpp","tabloToR_reconstruct_blocks","C/C++","new-independent","","","","bb8eeb3476330f518b703007e2dbf77c428a2c21","429b9dc5a1daea30e7a287dc2b5ce4c7","David Zenz","David Zenz","provisional Apache-2.0 pending dependency compatibility audit","source-lines:381-459; first-local-commit:bb8eeb3476330f518b703007e2dbf77c428a2c21; Git history is audit evidence, not ownership proof","David Zenz","2026-08-27","reviewed-provisional","independent post-baseline work; provisional license is not package-license finalization"
"inst/cpp/sparse-elimination.cpp","tablo_edge_begin","C/C++","new-independent","","","","bb8eeb3476330f518b703007e2dbf77c428a2c21","3c24973a89c835ba13d00b542b8512eb","David Zenz","David Zenz","provisional Apache-2.0 pending dependency compatibility audit","source-lines:144-150; first-local-commit:bb8eeb3476330f518b703007e2dbf77c428a2c21; Git history is audit evidence, not ownership proof","David Zenz","2026-08-27","reviewed-provisional","independent post-baseline work; provisional license is not package-license finalization"
"inst/cpp/sparse-elimination.cpp","tablo_edge_dot","C/C++","new-independent","","","","bb8eeb3476330f518b703007e2dbf77c428a2c21","4023e4c122a45c3de6217530ec6845fa","David Zenz","David Zenz","provisional Apache-2.0 pending dependency compatibility audit","source-lines:160-168; first-local-commit:bb8eeb3476330f518b703007e2dbf77c428a2c21; Git history is audit evidence, not ownership proof","David Zenz","2026-08-27","reviewed-provisional","independent post-baseline work; provisional license is not package-license finalization"
"inst/cpp/sparse-elimination.cpp","tablo_edge_end","C/C++","new-independent","","","","bb8eeb3476330f518b703007e2dbf77c428a2c21","449926b8a70b55a03b62b8f6201e88c3","David Zenz","David Zenz","provisional Apache-2.0 pending dependency compatibility audit","source-lines:152-158; first-local-commit:bb8eeb3476330f518b703007e2dbf77c428a2c21; Git history is audit evidence, not ownership proof","David Zenz","2026-08-27","reviewed-provisional","independent post-baseline work; provisional license is not package-license finalization"
"inst/cpp/sparse-elimination.cpp","tablo_edge_less","C/C++","new-independent","","","","bb8eeb3476330f518b703007e2dbf77c428a2c21","2013d1e4adbcb29be8a62ecec176d270","David Zenz","David Zenz","provisional Apache-2.0 pending dependency compatibility audit","source-lines:132-136; first-local-commit:bb8eeb3476330f518b703007e2dbf77c428a2c21; Git history is audit evidence, not ownership proof","David Zenz","2026-08-27","reviewed-provisional","independent post-baseline work; provisional license is not package-license finalization"
"inst/cpp/sparse-elimination.cpp","tablo_factor","C/C++","new-independent","","","","bb8eeb3476330f518b703007e2dbf77c428a2c21","08a5493c32643f4f99bcd0bddddee723","David Zenz","David Zenz","provisional Apache-2.0 pending dependency compatibility audit","source-lines:72-109; first-local-commit:bb8eeb3476330f518b703007e2dbf77c428a2c21; Git history is audit evidence, not ownership proof","David Zenz","2026-08-27","reviewed-provisional","independent post-baseline work; provisional license is not package-license finalization"
"inst/cpp/sparse-elimination.cpp","tablo_layout","C/C++","new-independent","","","","bb8eeb3476330f518b703007e2dbf77c428a2c21","5dd0e4a64e9e47f80a35e308cf76f9ed","David Zenz","David Zenz","provisional Apache-2.0 pending dependency compatibility audit","source-lines:30-70; first-local-commit:bb8eeb3476330f518b703007e2dbf77c428a2c21; Git history is audit evidence, not ownership proof","David Zenz","2026-08-27","reviewed-provisional","independent post-baseline work; provisional license is not package-license finalization"
"inst/cpp/sparse-elimination.cpp","tablo_solve","C/C++","new-independent","","","","bb8eeb3476330f518b703007e2dbf77c428a2c21","895503282f6634034084cfe33ad72e43","David Zenz","David Zenz","provisional Apache-2.0 pending dependency compatibility audit","source-lines:111-130; first-local-commit:bb8eeb3476330f518b703007e2dbf77c428a2c21; Git history is audit evidence, not ownership proof","David Zenz","2026-08-27","reviewed-provisional","independent post-baseline work; provisional license is not package-license finalization"
"inst/cpp/sparse-elimination.cpp","tablo_sparse_matrix","C/C++","new-independent","","","","bb8eeb3476330f518b703007e2dbf77c428a2c21","1003a2f8156509acb888b72115d0cfb0","David Zenz","David Zenz","provisional Apache-2.0 pending dependency compatibility audit","source-lines:170-210; first-local-commit:bb8eeb3476330f518b703007e2dbf77c428a2c21; Git history is audit evidence, not ownership proof","David Zenz","2026-08-27","reviewed-provisional","independent post-baseline work; provisional license is not package-license finalization"
"inst/cpp/sparse-elimination.cpp","tablo_triplet_less","C/C++","new-independent","","","","bb8eeb3476330f518b703007e2dbf77c428a2c21","600ae3e3fd997f54320da8525fb40a50","David Zenz","David Zenz","provisional Apache-2.0 pending dependency compatibility audit","source-lines:138-142; first-local-commit:bb8eeb3476330f518b703007e2dbf77c428a2c21; Git history is audit evidence, not ownership proof","David Zenz","2026-08-27","reviewed-provisional","independent post-baseline work; provisional license is not package-license finalization"
"inst/cpp/sparse-elimination.cpp","tablo_validate_groups","C/C++","new-independent","","","","bb8eeb3476330f518b703007e2dbf77c428a2c21","41431783649beee19e94d8d5e231f8bf","David Zenz","David Zenz","provisional Apache-2.0 pending dependency compatibility audit","source-lines:20-28; first-local-commit:bb8eeb3476330f518b703007e2dbf77c428a2c21; Git history is audit evidence, not ownership proof","David Zenz","2026-08-27","reviewed-provisional","independent post-baseline work; provisional license is not package-license finalization"
"src/RcppExports.cpp","@generated","C/C++","generated","","","","7743f71802285d78f397d8f2f6d354563ef15a33","e0bf35e0cb73eccc236ea02c7ab98b69","David Zenz","derived from reviewed generator sources","same rights basis as reviewed generator sources","Rcpp::compileAttributes generated wrapper; generators:inst/cpp/sparse-elimination.cpp::tabloToR_eliminate_blocks;inst/cpp/sparse-elimination.cpp::tabloToR_reconstruct_blocks;src/dense-schur.cpp::tabloToR_dense_lu_factor;src/dense-schur.cpp::tabloToR_dense_lu_release;src/dense-schur.cpp::tabloToR_dense_lu_solve;src/sparse-elimination.cpp::tabloToR_eliminate_blocks;src/sparse-elimination.cpp::tabloToR_reconstruct_blocks;src/sparse-lu.cpp::tabloToR_schur_cpp_capabilities;src/sparse-lu.cpp::tabloToR_sparse_lu_solve;src/sparse-lu.cpp::tabloToR_sparse_pattern_hash;src/sparse-schur-openmp.cpp::tabloToR_schur_accumulate_batch_parallel;src/sparse-schur.cpp::tabloToR_schur_accumulate_batch;src/sparse-schur.cpp::tabloToR_schur_accumulate_global; Git history is audit evidence, not ownership proof","David Zenz","2026-08-25","reviewed-generated","generated-from:inst/cpp/sparse-elimination.cpp::tabloToR_eliminate_blocks;inst/cpp/sparse-elimination.cpp::tabloToR_reconstruct_blocks;src/dense-schur.cpp::tabloToR_dense_lu_factor;src/dense-schur.cpp::tabloToR_dense_lu_release;src/dense-schur.cpp::tabloToR_dense_lu_solve;src/sparse-elimination.cpp::tabloToR_eliminate_blocks;src/sparse-elimination.cpp::tabloToR_reconstruct_blocks;src/sparse-lu.cpp::tabloToR_schur_cpp_capabilities;src/sparse-lu.cpp::tabloToR_sparse_lu_solve;src/sparse-lu.cpp::tabloToR_sparse_pattern_hash;src/sparse-schur-openmp.cpp::tabloToR_schur_accumulate_batch_parallel;src/sparse-schur.cpp::tabloToR_schur_accumulate_batch;src/sparse-schur.cpp::tabloToR_schur_accumulate_global"
"src/dense-schur.cpp","tabloToR_dense_lu_factor","C/C++","new-independent","","","","8f1595170e8d1c88e7cb3b2464c51f6dcfb45ec8","804975d74783dfc064d60a3a35613177","David Zenz","David Zenz","provisional Apache-2.0 pending dependency compatibility audit","source-lines:44-71; first-local-commit:8f1595170e8d1c88e7cb3b2464c51f6dcfb45ec8; Git history is audit evidence, not ownership proof","David Zenz","2026-08-27","reviewed-provisional","independent post-baseline work; provisional license is not package-license finalization"
"src/dense-schur.cpp","tabloToR_dense_lu_release","C/C++","new-independent","","","","8f1595170e8d1c88e7cb3b2464c51f6dcfb45ec8","59400f742b6cff5782a78f145eec51a2","David Zenz","David Zenz","provisional Apache-2.0 pending dependency compatibility audit","source-lines:115-118; first-local-commit:8f1595170e8d1c88e7cb3b2464c51f6dcfb45ec8; Git history is audit evidence, not ownership proof","David Zenz","2026-08-27","reviewed-provisional","independent post-baseline work; provisional license is not package-license finalization"
"src/dense-schur.cpp","tabloToR_dense_lu_solve","C/C++","new-independent","","","","8f1595170e8d1c88e7cb3b2464c51f6dcfb45ec8","2029636f21cb5c5dfdf7aab55d4c9c86","David Zenz","David Zenz","provisional Apache-2.0 pending dependency compatibility audit","source-lines:74-112; first-local-commit:8f1595170e8d1c88e7cb3b2464c51f6dcfb45ec8; Git history is audit evidence, not ownership proof","David Zenz","2026-08-27","reviewed-provisional","independent post-baseline work; provisional license is not package-license finalization"
"src/dense-schur.cpp","tablo_dense_lu_finalizer","C/C++","new-independent","","","","8f1595170e8d1c88e7cb3b2464c51f6dcfb45ec8","f4bdbf2865ec233d286ab678c2630754","David Zenz","David Zenz","provisional Apache-2.0 pending dependency compatibility audit","source-lines:32-41; first-local-commit:8f1595170e8d1c88e7cb3b2464c51f6dcfb45ec8; Git history is audit evidence, not ownership proof","David Zenz","2026-08-27","reviewed-provisional","independent post-baseline work; provisional license is not package-license finalization"
"src/dense-schur.cpp","tablo_dense_lu_get","C/C++","new-independent","","","","8f1595170e8d1c88e7cb3b2464c51f6dcfb45ec8","0da55e25f1bbb394acd6d32d5c24ee82","David Zenz","David Zenz","provisional Apache-2.0 pending dependency compatibility audit","source-lines:19-30; first-local-commit:8f1595170e8d1c88e7cb3b2464c51f6dcfb45ec8; Git history is audit evidence, not ownership proof","David Zenz","2026-08-27","reviewed-provisional","independent post-baseline work; provisional license is not package-license finalization"
"src/sparse-elimination.cpp","tabloToR_eliminate_blocks","C/C++","new-independent","","","","7743f71802285d78f397d8f2f6d354563ef15a33","cf1e53219fe885a5a06880786d8924d0","David Zenz","David Zenz","provisional Apache-2.0 pending dependency compatibility audit","source-lines:213-378; first-local-commit:7743f71802285d78f397d8f2f6d354563ef15a33; Git history is audit evidence, not ownership proof","David Zenz","2026-08-27","reviewed-provisional","independent post-baseline work; provisional license is not package-license finalization"
"src/sparse-elimination.cpp","tabloToR_reconstruct_blocks","C/C++","new-independent","","","","7743f71802285d78f397d8f2f6d354563ef15a33","429b9dc5a1daea30e7a287dc2b5ce4c7","David Zenz","David Zenz","provisional Apache-2.0 pending dependency compatibility audit","source-lines:381-459; first-local-commit:7743f71802285d78f397d8f2f6d354563ef15a33; Git history is audit evidence, not ownership proof","David Zenz","2026-08-27","reviewed-provisional","independent post-baseline work; provisional license is not package-license finalization"
"src/sparse-elimination.cpp","tablo_edge_begin","C/C++","new-independent","","","","7743f71802285d78f397d8f2f6d354563ef15a33","3c24973a89c835ba13d00b542b8512eb","David Zenz","David Zenz","provisional Apache-2.0 pending dependency compatibility audit","source-lines:144-150; first-local-commit:7743f71802285d78f397d8f2f6d354563ef15a33; Git history is audit evidence, not ownership proof","David Zenz","2026-08-27","reviewed-provisional","independent post-baseline work; provisional license is not package-license finalization"
"src/sparse-elimination.cpp","tablo_edge_dot","C/C++","new-independent","","","","7743f71802285d78f397d8f2f6d354563ef15a33","4023e4c122a45c3de6217530ec6845fa","David Zenz","David Zenz","provisional Apache-2.0 pending dependency compatibility audit","source-lines:160-168; first-local-commit:7743f71802285d78f397d8f2f6d354563ef15a33; Git history is audit evidence, not ownership proof","David Zenz","2026-08-27","reviewed-provisional","independent post-baseline work; provisional license is not package-license finalization"
"src/sparse-elimination.cpp","tablo_edge_end","C/C++","new-independent","","","","7743f71802285d78f397d8f2f6d354563ef15a33","449926b8a70b55a03b62b8f6201e88c3","David Zenz","David Zenz","provisional Apache-2.0 pending dependency compatibility audit","source-lines:152-158; first-local-commit:7743f71802285d78f397d8f2f6d354563ef15a33; Git history is audit evidence, not ownership proof","David Zenz","2026-08-27","reviewed-provisional","independent post-baseline work; provisional license is not package-license finalization"
"src/sparse-elimination.cpp","tablo_edge_less","C/C++","new-independent","","","","7743f71802285d78f397d8f2f6d354563ef15a33","2013d1e4adbcb29be8a62ecec176d270","David Zenz","David Zenz","provisional Apache-2.0 pending dependency compatibility audit","source-lines:132-136; first-local-commit:7743f71802285d78f397d8f2f6d354563ef15a33; Git history is audit evidence, not ownership proof","David Zenz","2026-08-27","reviewed-provisional","independent post-baseline work; provisional license is not package-license finalization"
"src/sparse-elimination.cpp","tablo_factor","C/C++","new-independent","","","","7743f71802285d78f397d8f2f6d354563ef15a33","08a5493c32643f4f99bcd0bddddee723","David Zenz","David Zenz","provisional Apache-2.0 pending dependency compatibility audit","source-lines:72-109; first-local-commit:7743f71802285d78f397d8f2f6d354563ef15a33; Git history is audit evidence, not ownership proof","David Zenz","2026-08-27","reviewed-provisional","independent post-baseline work; provisional license is not package-license finalization"
"src/sparse-elimination.cpp","tablo_layout","C/C++","new-independent","","","","7743f71802285d78f397d8f2f6d354563ef15a33","5dd0e4a64e9e47f80a35e308cf76f9ed","David Zenz","David Zenz","provisional Apache-2.0 pending dependency compatibility audit","source-lines:30-70; first-local-commit:7743f71802285d78f397d8f2f6d354563ef15a33; Git history is audit evidence, not ownership proof","David Zenz","2026-08-27","reviewed-provisional","independent post-baseline work; provisional license is not package-license finalization"
"src/sparse-elimination.cpp","tablo_solve","C/C++","new-independent","","","","7743f71802285d78f397d8f2f6d354563ef15a33","895503282f6634034084cfe33ad72e43","David Zenz","David Zenz","provisional Apache-2.0 pending dependency compatibility audit","source-lines:111-130; first-local-commit:7743f71802285d78f397d8f2f6d354563ef15a33; Git history is audit evidence, not ownership proof","David Zenz","2026-08-27","reviewed-provisional","independent post-baseline work; provisional license is not package-license finalization"
"src/sparse-elimination.cpp","tablo_sparse_matrix","C/C++","new-independent","","","","7743f71802285d78f397d8f2f6d354563ef15a33","1003a2f8156509acb888b72115d0cfb0","David Zenz","David Zenz","provisional Apache-2.0 pending dependency compatibility audit","source-lines:170-210; first-local-commit:7743f71802285d78f397d8f2f6d354563ef15a33; Git history is audit evidence, not ownership proof","David Zenz","2026-08-27","reviewed-provisional","independent post-baseline work; provisional license is not package-license finalization"
"src/sparse-elimination.cpp","tablo_triplet_less","C/C++","new-independent","","","","7743f71802285d78f397d8f2f6d354563ef15a33","600ae3e3fd997f54320da8525fb40a50","David Zenz","David Zenz","provisional Apache-2.0 pending dependency compatibility audit","source-lines:138-142; first-local-commit:7743f71802285d78f397d8f2f6d354563ef15a33; Git history is audit evidence, not ownership proof","David Zenz","2026-08-27","reviewed-provisional","independent post-baseline work; provisional license is not package-license finalization"
"src/sparse-elimination.cpp","tablo_validate_groups","C/C++","new-independent","","","","7743f71802285d78f397d8f2f6d354563ef15a33","41431783649beee19e94d8d5e231f8bf","David Zenz","David Zenz","provisional Apache-2.0 pending dependency compatibility audit","source-lines:20-28; first-local-commit:7743f71802285d78f397d8f2f6d354563ef15a33; Git history is audit evidence, not ownership proof","David Zenz","2026-08-27","reviewed-provisional","independent post-baseline work; provisional license is not package-license finalization"
"src/sparse-lu.cpp","tabloToR_schur_cpp_capabilities","C/C++","new-independent","","","","8f1595170e8d1c88e7cb3b2464c51f6dcfb45ec8","dc33e36bf704bfcb7be947d10afac107","David Zenz","David Zenz","provisional Apache-2.0 pending dependency compatibility audit","source-lines:14-33; first-local-commit:8f1595170e8d1c88e7cb3b2464c51f6dcfb45ec8; Git history is audit evidence, not ownership proof","David Zenz","2026-08-27","reviewed-provisional","independent post-baseline work; provisional license is not package-license finalization"
"src/sparse-lu.cpp","tabloToR_sparse_lu_solve","C/C++","new-independent","","","","8f1595170e8d1c88e7cb3b2464c51f6dcfb45ec8","7502e43baa2b0d3ab9e8d1790d67989d","David Zenz","David Zenz","provisional Apache-2.0 pending dependency compatibility audit","source-lines:36-60; first-local-commit:8f1595170e8d1c88e7cb3b2464c51f6dcfb45ec8; Git history is audit evidence, not ownership proof","David Zenz","2026-08-27","reviewed-provisional","independent post-baseline work; provisional license is not package-license finalization"
"src/sparse-lu.cpp","tabloToR_sparse_pattern_hash","C/C++","new-independent","","","","8f1595170e8d1c88e7cb3b2464c51f6dcfb45ec8","a850ba6d603e2bf37a424bd56cf48d35","David Zenz","David Zenz","provisional Apache-2.0 pending dependency compatibility audit","source-lines:68-92; first-local-commit:8f1595170e8d1c88e7cb3b2464c51f6dcfb45ec8; Git history is audit evidence, not ownership proof","David Zenz","2026-08-27","reviewed-provisional","independent post-baseline work; provisional license is not package-license finalization"
"src/sparse-lu.cpp","tablo_hash_mix","C/C++","new-independent","","","","8f1595170e8d1c88e7cb3b2464c51f6dcfb45ec8","e5d81d200ac3cba40857774d84d1725a","David Zenz","David Zenz","provisional Apache-2.0 pending dependency compatibility audit","source-lines:62-65; first-local-commit:8f1595170e8d1c88e7cb3b2464c51f6dcfb45ec8; Git history is audit evidence, not ownership proof","David Zenz","2026-08-27","reviewed-provisional","independent post-baseline work; provisional license is not package-license finalization"
"src/sparse-schur-openmp.cpp","tabloToR_schur_accumulate_batch_parallel","C/C++","new-independent","","","","4e484ba8aee1dadaad8728f5d88319a2ab4bf9d4","dcda73d56952f0cc53092810a76123e4","David Zenz","David Zenz","provisional Apache-2.0 pending dependency compatibility audit","source-lines:150-349; first-local-commit:4e484ba8aee1dadaad8728f5d88319a2ab4bf9d4; Git history is audit evidence, not ownership proof","David Zenz","2026-08-27","reviewed-provisional","independent post-baseline work; provisional license is not package-license finalization"
"src/sparse-schur-openmp.cpp","tablo_parallel_elapsed","C/C++","new-independent","","","","4e484ba8aee1dadaad8728f5d88319a2ab4bf9d4","4b2739a00320b0fd0fa5726da9279dfb","David Zenz","David Zenz","provisional Apache-2.0 pending dependency compatibility audit","source-lines:30-35; first-local-commit:4e484ba8aee1dadaad8728f5d88319a2ab4bf9d4; Git history is audit evidence, not ownership proof","David Zenz","2026-08-27","reviewed-provisional","independent post-baseline work; provisional license is not package-license finalization"
"src/sparse-schur-openmp.cpp","tablo_parallel_fill","C/C++","new-independent","","","","4e484ba8aee1dadaad8728f5d88319a2ab4bf9d4","1c630ed0f177fe59cedd6b8c53a07490","David Zenz","David Zenz","provisional Apache-2.0 pending dependency compatibility audit","source-lines:75-94; first-local-commit:4e484ba8aee1dadaad8728f5d88319a2ab4bf9d4; Git history is audit evidence, not ownership proof","David Zenz","2026-08-27","reviewed-provisional","independent post-baseline work; provisional license is not package-license finalization"
"src/sparse-schur-openmp.cpp","tablo_parallel_positions","C/C++","new-independent","","","","4e484ba8aee1dadaad8728f5d88319a2ab4bf9d4","24089e9e48a5e14f07770eba4b84f77d","David Zenz","David Zenz","provisional Apache-2.0 pending dependency compatibility audit","source-lines:37-51; first-local-commit:4e484ba8aee1dadaad8728f5d88319a2ab4bf9d4; Git history is audit evidence, not ownership proof","David Zenz","2026-08-27","reviewed-provisional","independent post-baseline work; provisional license is not package-license finalization"
"src/sparse-schur-openmp.cpp","tablo_parallel_slice","C/C++","new-independent","","","","4e484ba8aee1dadaad8728f5d88319a2ab4bf9d4","2122c17a3a2899db32b36e5420eed1a6","David Zenz","David Zenz","provisional Apache-2.0 pending dependency compatibility audit","source-lines:53-73; first-local-commit:4e484ba8aee1dadaad8728f5d88319a2ab4bf9d4; Git history is audit evidence, not ownership proof","David Zenz","2026-08-27","reviewed-provisional","independent post-baseline work; provisional license is not package-license finalization"
"src/sparse-schur-openmp.cpp","tablo_parallel_solve","C/C++","new-independent","","","","4e484ba8aee1dadaad8728f5d88319a2ab4bf9d4","e31d9ffeb2ee65b36623d21a014c45ae","David Zenz","David Zenz","provisional Apache-2.0 pending dependency compatibility audit","source-lines:96-147; first-local-commit:4e484ba8aee1dadaad8728f5d88319a2ab4bf9d4; Git history is audit evidence, not ownership proof","David Zenz","2026-08-27","reviewed-provisional","independent post-baseline work; provisional license is not package-license finalization"
"src/sparse-schur.cpp","tabloToR_schur_accumulate_batch","C/C++","new-independent","","","","8f1595170e8d1c88e7cb3b2464c51f6dcfb45ec8","59b5389503f1ad3b80391f6f8be0f160","David Zenz","David Zenz","provisional Apache-2.0 pending dependency compatibility audit","source-lines:268-403; first-local-commit:8f1595170e8d1c88e7cb3b2464c51f6dcfb45ec8; Git history is audit evidence, not ownership proof","David Zenz","2026-08-27","reviewed-provisional","independent post-baseline work; provisional license is not package-license finalization"
"src/sparse-schur.cpp","tabloToR_schur_accumulate_global","C/C++","new-independent","","","","8f1595170e8d1c88e7cb3b2464c51f6dcfb45ec8","84f82f65b4971686b641dabe71107903","David Zenz","David Zenz","provisional Apache-2.0 pending dependency compatibility audit","source-lines:156-265; first-local-commit:8f1595170e8d1c88e7cb3b2464c51f6dcfb45ec8; Git history is audit evidence, not ownership proof","David Zenz","2026-08-27","reviewed-provisional","independent post-baseline work; provisional license is not package-license finalization"
"src/sparse-schur.cpp","tablo_counter_list","C/C++","new-independent","","","","8f1595170e8d1c88e7cb3b2464c51f6dcfb45ec8","a515ab401a0d2cba8ddf47fafc9fc67c","David Zenz","David Zenz","provisional Apache-2.0 pending dependency compatibility audit","source-lines:114-129; first-local-commit:8f1595170e8d1c88e7cb3b2464c51f6dcfb45ec8; Git history is audit evidence, not ownership proof","David Zenz","2026-08-27","reviewed-provisional","independent post-baseline work; provisional license is not package-license finalization"
"src/sparse-schur.cpp","tablo_dense_slice","C/C++","new-independent","","","","8f1595170e8d1c88e7cb3b2464c51f6dcfb45ec8","ef7547ef6031c14b6695d0c0d585241b","David Zenz","David Zenz","provisional Apache-2.0 pending dependency compatibility audit","source-lines:71-91; first-local-commit:8f1595170e8d1c88e7cb3b2464c51f6dcfb45ec8; Git history is audit evidence, not ownership proof","David Zenz","2026-08-27","reviewed-provisional","independent post-baseline work; provisional license is not package-license finalization"
"src/sparse-schur.cpp","tablo_elapsed","C/C++","new-independent","","","","8f1595170e8d1c88e7cb3b2464c51f6dcfb45ec8","e198a82a6fd75baccb671d3aca392c05","David Zenz","David Zenz","provisional Apache-2.0 pending dependency compatibility audit","source-lines:26-31; first-local-commit:8f1595170e8d1c88e7cb3b2464c51f6dcfb45ec8; Git history is audit evidence, not ownership proof","David Zenz","2026-08-27","reviewed-provisional","independent post-baseline work; provisional license is not package-license finalization"
"src/sparse-schur.cpp","tablo_fill_panel","C/C++","new-independent","","","","8f1595170e8d1c88e7cb3b2464c51f6dcfb45ec8","2367030ced55f49066f16583211317b7","David Zenz","David Zenz","provisional Apache-2.0 pending dependency compatibility audit","source-lines:93-112; first-local-commit:8f1595170e8d1c88e7cb3b2464c51f6dcfb45ec8; Git history is audit evidence, not ownership proof","David Zenz","2026-08-27","reviewed-provisional","independent post-baseline work; provisional license is not package-license finalization"
"src/sparse-schur.cpp","tablo_positions","C/C++","new-independent","","","","8f1595170e8d1c88e7cb3b2464c51f6dcfb45ec8","efe35e69394204811d7e3acc491e9a67","David Zenz","David Zenz","provisional Apache-2.0 pending dependency compatibility audit","source-lines:33-47; first-local-commit:8f1595170e8d1c88e7cb3b2464c51f6dcfb45ec8; Git history is audit evidence, not ownership proof","David Zenz","2026-08-27","reviewed-provisional","independent post-baseline work; provisional license is not package-license finalization"
"src/sparse-schur.cpp","tablo_region_positions","C/C++","new-independent","","","","8f1595170e8d1c88e7cb3b2464c51f6dcfb45ec8","0933dd79d0b97b11c4e89070e2f03107","David Zenz","David Zenz","provisional Apache-2.0 pending dependency compatibility audit","source-lines:49-69; first-local-commit:8f1595170e8d1c88e7cb3b2464c51f6dcfb45ec8; Git history is audit evidence, not ownership proof","David Zenz","2026-08-27","reviewed-provisional","independent post-baseline work; provisional license is not package-license finalization"
"src/sparse-schur.cpp","tablo_validate_schur_inputs","C/C++","new-independent","","","","8f1595170e8d1c88e7cb3b2464c51f6dcfb45ec8","a638e2a54334941cee212351f6a0ba43","David Zenz","David Zenz","provisional Apache-2.0 pending dependency compatibility audit","source-lines:131-153; first-local-commit:8f1595170e8d1c88e7cb3b2464c51f6dcfb45ec8; Git history is audit evidence, not ownership proof","David Zenz","2026-08-27","reviewed-provisional","independent post-baseline work; provisional license is not package-license finalization"
"src/tablo-sparse-lu.h","tablo_checked_product","C/C++","new-independent","","","","8f1595170e8d1c88e7cb3b2464c51f6dcfb45ec8","bd11136768b63be4de8b48d63f399b6c","David Zenz","David Zenz","provisional Apache-2.0 pending dependency compatibility audit","source-lines:25-30; first-local-commit:8f1595170e8d1c88e7cb3b2464c51f6dcfb45ec8; Git history is audit evidence, not ownership proof","David Zenz","2026-08-27","reviewed-provisional","independent post-baseline work; provisional license is not package-license finalization"
"src/tablo-sparse-lu.h","tablo_csc_view","C/C++","new-independent","","","","8f1595170e8d1c88e7cb3b2464c51f6dcfb45ec8","d149d2263d21f076cd3b1785111a6fe9","David Zenz","David Zenz","provisional Apache-2.0 pending dependency compatibility audit","source-lines:32-101; first-local-commit:8f1595170e8d1c88e7cb3b2464c51f6dcfb45ec8; Git history is audit evidence, not ownership proof","David Zenz","2026-08-27","reviewed-provisional","independent post-baseline work; provisional license is not package-license finalization"
"src/tablo-sparse-lu.h","tablo_sparse_lu_solve_inplace","C/C++","new-independent","","","","8f1595170e8d1c88e7cb3b2464c51f6dcfb45ec8","c3b1191a352ed14fb967d21b19ac6daa","David Zenz","David Zenz","provisional Apache-2.0 pending dependency compatibility audit","source-lines:203-264; first-local-commit:8f1595170e8d1c88e7cb3b2464c51f6dcfb45ec8; Git history is audit evidence, not ownership proof","David Zenz","2026-08-27","reviewed-provisional","independent post-baseline work; provisional license is not package-license finalization"
"src/tablo-sparse-lu.h","tablo_sparse_lu_view","C/C++","new-independent","","","","8f1595170e8d1c88e7cb3b2464c51f6dcfb45ec8","a1abb195434ace51f7ed869e75fb9787","David Zenz","David Zenz","provisional Apache-2.0 pending dependency compatibility audit","source-lines:155-201; first-local-commit:8f1595170e8d1c88e7cb3b2464c51f6dcfb45ec8; Git history is audit evidence, not ownership proof","David Zenz","2026-08-27","reviewed-provisional","independent post-baseline work; provisional license is not package-license finalization"
"src/tablo-sparse-lu.h","tablo_triangular_diagonal","C/C++","new-independent","","","","8f1595170e8d1c88e7cb3b2464c51f6dcfb45ec8","82acb157ca8b0f709c3909e25ea98d7a","David Zenz","David Zenz","provisional Apache-2.0 pending dependency compatibility audit","source-lines:103-119; first-local-commit:8f1595170e8d1c88e7cb3b2464c51f6dcfb45ec8; Git history is audit evidence, not ownership proof","David Zenz","2026-08-27","reviewed-provisional","independent post-baseline work; provisional license is not package-license finalization"
"src/tablo-sparse-lu.h","tablo_validate_permutation","C/C++","new-independent","","","","8f1595170e8d1c88e7cb3b2464c51f6dcfb45ec8","3fae513cdcc748d83bd295869f085d35","David Zenz","David Zenz","provisional Apache-2.0 pending dependency compatibility audit","source-lines:131-153; first-local-commit:8f1595170e8d1c88e7cb3b2464c51f6dcfb45ec8; Git history is audit evidence, not ownership proof","David Zenz","2026-08-27","reviewed-provisional","independent post-baseline work; provisional license is not package-license finalization"
